split,cluster,band,cost,direction,retained,contracts,events,trades
test,2,0,1,N,False,2,2,4
test,2,0,1,Y,False,3,3,4
test,2,0,2,N,False,1,1,1
test,2,0,2,Y,False,3,3,4
test,2,0,3,N,False,2,2,2
test,2,0,3,Y,False,2,2,4
test,2,0,4,Y,False,1,1,4
test,2,0,5,N,False,2,2,2
test,2,0,5,Y,False,3,3,7
test,2,0,6,N,False,2,2,2
test,2,0,6,Y,False,5,5,7
test,2,0,7,N,False,4,4,12
test,2,0,7,Y,False,4,4,23
test,2,0,8,N,False,3,3,9
test,2,0,8,Y,False,5,5,42
test,2,0,9,N,False,3,3,7
test,2,0,9,Y,False,5,5,17
test,2,0,10,N,False,3,3,5
test,2,0,10,Y,False,7,7,28
test,2,1,11,N,False,5,5,9
test,2,1,11,Y,False,3,3,19
test,2,1,12,N,False,6,6,12
test,2,1,12,Y,False,3,3,9
test,2,1,13,N,False,5,5,12
test,2,1,13,Y,False,4,4,12
test,2,1,14,N,False,3,3,8
test,2,1,14,Y,False,5,5,39
test,2,1,15,N,False,3,3,6
test,2,1,15,Y,False,3,3,5
test,2,1,16,N,False,1,1,2
test,2,1,16,Y,False,3,3,14
test,2,1,17,N,False,1,1,1
test,2,1,17,Y,False,5,5,16
test,2,1,18,N,False,2,2,3
test,2,1,18,Y,False,6,5,7
test,2,1,19,N,False,3,3,8
test,2,1,19,Y,False,6,5,7
test,2,1,20,N,True,5,5,6
test,2,1,20,Y,True,7,5,10
test,2,2,21,N,False,4,4,21
test,2,2,21,Y,False,6,6,19
test,2,2,22,N,True,8,8,23
test,2,2,22,Y,True,6,6,26
test,2,2,23,N,False,7,7,13
test,2,2,23,Y,False,3,3,6
test,2,2,24,N,False,4,4,5
test,2,2,24,Y,False,4,4,17
test,2,2,25,N,True,10,10,28
test,2,2,25,Y,True,6,6,22
test,2,2,26,N,True,6,6,11
test,2,2,26,Y,True,5,5,22
test,2,2,27,N,False,7,7,16
test,2,2,27,Y,False,4,4,16
test,2,2,28,N,False,5,5,11
test,2,2,28,Y,False,4,4,13
test,2,2,29,N,True,11,11,21
test,2,2,29,Y,True,8,8,15
test,2,2,30,N,True,10,10,28
test,2,2,30,Y,True,8,8,59
test,2,3,31,N,True,12,11,41
test,2,3,31,Y,True,6,6,13
test,2,3,32,N,True,8,8,21
test,2,3,32,Y,True,7,7,11
test,2,3,33,N,True,8,8,23
test,2,3,33,Y,True,5,5,8
test,2,3,34,N,True,7,6,13
test,2,3,34,Y,True,5,5,8
test,2,3,35,N,True,11,11,37
test,2,3,35,Y,True,8,8,13
test,2,3,36,N,True,10,9,44
test,2,3,36,Y,True,5,5,8
test,2,3,37,N,False,9,8,23
test,2,3,37,Y,False,3,3,4
test,2,3,38,N,False,7,7,9
test,2,3,38,Y,False,2,2,5
test,2,3,39,N,False,9,9,17
test,2,3,39,Y,False,4,3,4
test,2,3,40,N,True,10,9,23
test,2,3,40,Y,True,5,5,18
test,2,4,41,N,True,9,9,18
test,2,4,41,Y,True,5,5,21
test,2,4,42,N,True,7,6,50
test,2,4,42,Y,True,7,6,25
test,2,4,43,N,True,6,5,10
test,2,4,43,Y,True,7,7,12
test,2,4,44,N,False,3,3,14
test,2,4,44,Y,False,5,5,9
test,2,4,45,N,True,5,5,12
test,2,4,45,Y,True,6,6,17
test,2,4,46,N,False,6,6,36
test,2,4,46,Y,False,4,4,13
test,2,4,47,N,True,5,5,37
test,2,4,47,Y,True,5,4,14
test,2,4,48,N,False,4,4,22
test,2,4,48,Y,False,4,3,21
test,2,4,49,N,False,3,3,30
test,2,4,49,Y,False,6,6,27
test,3,0,1,N,True,7,7,24
test,3,0,1,Y,True,9,8,23
test,3,0,2,N,False,4,4,9
test,3,0,2,Y,False,8,8,55
test,3,0,3,N,True,6,6,24
test,3,0,3,Y,True,9,8,158
test,3,0,4,N,True,7,7,35
test,3,0,4,Y,True,9,8,54
test,3,0,5,N,True,6,6,38
test,3,0,5,Y,True,9,8,30
test,3,0,6,N,True,7,7,49
test,3,0,6,Y,True,9,9,17
test,3,0,7,N,True,8,8,32
test,3,0,7,Y,True,12,12,45
test,3,0,8,N,True,6,6,23
test,3,0,8,Y,True,15,15,86
test,3,0,9,N,True,6,6,13
test,3,0,9,Y,True,14,14,79
test,3,0,10,N,True,8,8,29
test,3,0,10,Y,True,14,14,97
test,3,1,11,N,True,6,6,49
test,3,1,11,Y,True,15,15,76
test,3,1,12,N,True,10,10,57
test,3,1,12,Y,True,13,13,69
test,3,1,13,N,True,12,12,122
test,3,1,13,Y,True,13,13,70
test,3,1,14,N,True,12,12,53
test,3,1,14,Y,True,13,12,43
test,3,1,15,N,True,12,12,36
test,3,1,15,Y,True,15,13,74
test,3,1,16,N,True,13,13,104
test,3,1,16,Y,True,14,13,72
test,3,1,17,N,True,12,12,60
test,3,1,17,Y,True,15,15,111
test,3,1,18,N,True,16,16,78
test,3,1,18,Y,True,16,15,118
test,3,1,19,N,True,13,13,36
test,3,1,19,Y,True,14,14,107
test,3,1,20,N,True,8,8,24
test,3,1,20,Y,True,19,17,303
test,3,2,21,N,True,7,7,22
test,3,2,21,Y,True,19,19,246
test,3,2,22,N,True,9,9,21
test,3,2,22,Y,True,20,20,552
test,3,2,23,N,True,11,11,47
test,3,2,23,Y,True,22,22,396
test,3,2,24,N,True,8,8,45
test,3,2,24,Y,True,26,26,208
test,3,2,25,N,True,18,18,113
test,3,2,25,Y,True,24,24,214
test,3,2,26,N,True,14,14,97
test,3,2,26,Y,True,25,25,144
test,3,2,27,N,True,24,24,107
test,3,2,27,Y,True,22,22,92
test,3,2,28,N,True,20,20,92
test,3,2,28,Y,True,22,22,74
test,3,2,29,N,True,22,22,117
test,3,2,29,Y,True,27,27,113
test,3,2,30,N,True,27,26,115
test,3,2,30,Y,True,23,23,191
test,3,3,31,N,True,18,18,96
test,3,3,31,Y,True,23,23,139
test,3,3,32,N,True,24,24,97
test,3,3,32,Y,True,25,25,110
test,3,3,33,N,True,21,21,102
test,3,3,33,Y,True,20,20,107
test,3,3,34,N,True,20,20,92
test,3,3,34,Y,True,16,16,74
test,3,3,35,N,True,26,26,231
test,3,3,35,Y,True,18,18,70
test,3,3,36,N,True,26,26,145
test,3,3,36,Y,True,22,22,89
test,3,3,37,N,True,22,22,120
test,3,3,37,Y,True,19,19,96
test,3,3,38,N,True,26,26,106
test,3,3,38,Y,True,26,26,143
test,3,3,39,N,True,21,21,214
test,3,3,39,Y,True,24,24,84
test,3,3,40,N,True,25,25,126
test,3,3,40,Y,True,20,20,69
test,3,4,41,N,True,26,26,147
test,3,4,41,Y,True,23,23,125
test,3,4,42,N,True,29,29,143
test,3,4,42,Y,True,24,24,307
test,3,4,43,N,True,34,34,147
test,3,4,43,Y,True,27,27,279
test,3,4,44,N,True,27,27,188
test,3,4,44,Y,True,31,31,312
test,3,4,45,N,True,43,43,237
test,3,4,45,Y,True,31,30,163
test,3,4,46,N,True,32,32,334
test,3,4,46,Y,True,34,34,118
test,3,4,47,N,True,30,30,134
test,3,4,47,Y,True,26,26,306
test,3,4,48,N,True,36,35,119
test,3,4,48,Y,True,33,32,271
test,3,4,49,N,True,27,26,182
test,3,4,49,Y,True,31,30,97
test,4,0,1,Y,False,2,1,368
test,4,0,2,Y,False,2,1,575
test,4,0,3,Y,False,1,1,104
test,4,0,4,Y,False,1,1,47
test,4,0,5,Y,False,1,1,10
test,4,0,6,Y,False,1,1,4
test,4,0,7,Y,False,1,1,2
test,4,0,10,Y,False,1,1,2
test,4,1,11,Y,False,1,1,2
test,5,0,3,Y,False,1,1,1
test,5,0,5,Y,False,1,1,1
test,5,0,6,Y,False,1,1,4
test,5,0,7,Y,False,1,1,1
test,5,0,8,Y,False,1,1,1
test,5,0,9,Y,False,1,1,2
test,5,0,10,N,False,1,1,2
test,5,0,10,Y,False,1,1,3
test,5,1,11,N,False,1,1,1
test,5,1,11,Y,False,1,1,2
test,5,1,12,N,False,1,1,1
test,5,1,13,N,False,1,1,1
test,5,1,15,N,False,1,1,1
test,5,1,17,N,False,1,1,1
test,5,1,18,N,False,1,1,1
test,5,2,23,N,False,1,1,1
test,5,2,24,N,False,1,1,1
test,5,2,25,N,False,1,1,1
test,5,2,27,N,False,1,1,1
test,5,2,29,N,False,1,1,1
test,5,2,30,Y,False,1,1,1
test,5,3,32,Y,False,1,1,3
test,5,3,34,Y,False,1,1,1
test,5,3,35,Y,False,1,1,2
test,5,3,36,Y,False,2,2,2
test,5,3,37,Y,False,1,1,1
test,5,3,38,Y,False,1,1,1
test,5,3,39,Y,False,1,1,1
test,5,3,40,Y,False,1,1,1
test,5,4,42,N,False,1,1,1
test,5,4,44,N,False,1,1,1
test,5,4,45,N,False,1,1,2
test,5,4,45,Y,False,1,1,1
test,5,4,47,N,False,1,1,2
test,6,0,1,N,True,5,5,20
test,6,0,1,Y,True,9,5,403
test,6,0,2,N,False,3,3,6
test,6,0,2,Y,False,6,4,667
test,6,0,3,N,False,3,2,4
test,6,0,3,Y,False,7,4,698
test,6,0,4,N,False,4,3,6
test,6,0,4,Y,False,5,4,408
test,6,0,5,N,False,2,2,4
test,6,0,5,Y,False,7,5,145
test,6,0,6,N,False,1,1,2
test,6,0,6,Y,False,4,3,53
test,6,0,7,N,False,1,1,1
test,6,0,7,Y,False,8,5,35
test,6,0,8,N,False,3,3,3
test,6,0,8,Y,False,6,3,16
test,6,0,9,N,False,2,2,4
test,6,0,9,Y,False,5,5,14
test,6,0,10,N,False,3,3,5
test,6,0,10,Y,False,7,7,30
test,6,1,11,N,False,4,4,8
test,6,1,11,Y,False,6,5,15
test,6,1,12,N,False,2,2,6
test,6,1,12,Y,False,8,7,16
test,6,1,13,N,False,1,1,3
test,6,1,13,Y,False,8,6,23
test,6,1,14,N,False,2,2,4
test,6,1,14,Y,False,7,6,12
test,6,1,15,N,False,4,4,4
test,6,1,15,Y,False,11,8,21
test,6,1,16,N,False,4,4,7
test,6,1,16,Y,False,6,6,16
test,6,1,17,N,True,6,5,11
test,6,1,17,Y,True,5,5,19
test,6,1,18,N,False,5,4,8
test,6,1,18,Y,False,4,4,8
test,6,1,19,N,True,7,6,11
test,6,1,19,Y,True,5,5,32
test,6,1,20,N,False,6,6,14
test,6,1,20,Y,False,3,3,43
test,6,2,21,N,True,8,7,20
test,6,2,21,Y,True,6,6,46
test,6,2,22,N,False,5,4,22
test,6,2,22,Y,False,3,2,57
test,6,2,23,N,True,8,7,19
test,6,2,23,Y,True,5,5,32
test,6,2,24,N,False,3,3,19
test,6,2,24,Y,False,5,5,52
test,6,2,25,N,True,9,9,22
test,6,2,25,Y,True,10,10,68
test,6,2,26,N,False,5,5,16
test,6,2,26,Y,False,4,4,47
test,6,2,27,N,False,5,5,17
test,6,2,27,Y,False,4,4,52
test,6,2,28,N,False,7,7,23
test,6,2,28,Y,False,3,3,59
test,6,2,29,N,True,8,8,18
test,6,2,29,Y,True,8,8,68
test,6,2,30,N,True,9,8,30
test,6,2,30,Y,True,7,7,96
test,6,3,31,N,True,7,6,19
test,6,3,31,Y,True,12,10,52
test,6,3,32,N,True,6,6,26
test,6,3,32,Y,True,6,6,48
test,6,3,33,N,True,5,5,24
test,6,3,33,Y,True,10,8,60
test,6,3,34,N,True,7,6,24
test,6,3,34,Y,True,8,8,42
test,6,3,35,N,True,9,8,46
test,6,3,35,Y,True,15,12,62
test,6,3,36,N,True,9,9,31
test,6,3,36,Y,True,7,7,54
test,6,3,37,N,True,8,8,33
test,6,3,37,Y,True,9,9,56
test,6,3,38,N,True,10,9,31
test,6,3,38,Y,True,8,8,28
test,6,3,39,N,True,12,11,68
test,6,3,39,Y,True,6,6,18
test,6,3,40,N,True,14,13,64
test,6,3,40,Y,True,10,10,53
test,6,4,41,N,True,8,8,57
test,6,4,41,Y,True,10,9,34
test,6,4,42,N,True,9,8,75
test,6,4,42,Y,True,10,9,22
test,6,4,43,N,True,8,7,45
test,6,4,43,Y,True,12,11,36
test,6,4,44,N,True,9,9,56
test,6,4,44,Y,True,13,12,33
test,6,4,45,N,True,11,11,72
test,6,4,45,Y,True,17,16,66
test,6,4,46,N,True,11,10,67
test,6,4,46,Y,True,16,15,78
test,6,4,47,N,True,7,7,52
test,6,4,47,Y,True,6,6,45
test,6,4,48,N,True,9,8,61
test,6,4,48,Y,True,7,7,56
test,6,4,49,N,True,10,10,80
test,6,4,49,Y,True,12,12,83
test,8,0,1,N,True,7,6,27
test,8,0,1,Y,True,5,4,33
test,8,0,2,N,True,6,6,7
test,8,0,2,Y,True,7,5,13
test,8,0,3,N,False,4,4,8
test,8,0,3,Y,False,9,9,42
test,8,0,4,N,False,3,3,5
test,8,0,4,Y,False,7,7,31
test,8,0,5,N,False,4,4,8
test,8,0,5,Y,False,8,8,34
test,8,0,6,N,False,4,4,8
test,8,0,6,Y,False,9,8,31
test,8,0,7,N,False,4,4,8
test,8,0,7,Y,False,10,8,21
test,8,0,8,N,False,3,3,3
test,8,0,8,Y,False,7,6,34
test,8,0,9,N,False,2,2,2
test,8,0,9,Y,False,7,7,15
test,8,0,10,N,False,4,4,7
test,8,0,10,Y,False,14,13,35
test,8,1,11,N,False,3,3,5
test,8,1,11,Y,False,12,11,21
test,8,1,12,N,False,4,4,5
test,8,1,12,Y,False,9,8,23
test,8,1,13,N,True,5,5,10
test,8,1,13,Y,True,9,9,16
test,8,1,14,N,False,3,3,4
test,8,1,14,Y,False,6,6,15
test,8,1,15,N,True,8,8,18
test,8,1,15,Y,True,9,9,12
test,8,1,16,N,False,4,4,5
test,8,1,16,Y,False,5,5,10
test,8,1,17,N,True,5,5,8
test,8,1,17,Y,True,6,6,40
test,8,1,18,N,True,6,6,16
test,8,1,18,Y,True,8,8,60
test,8,1,19,N,False,3,3,6
test,8,1,19,Y,False,9,9,79
test,8,1,20,N,False,4,4,7
test,8,1,20,Y,False,7,7,125
test,8,2,21,N,True,5,5,5
test,8,2,21,Y,True,9,9,62
test,8,2,22,N,True,5,5,11
test,8,2,22,Y,True,9,9,150
test,8,2,23,N,False,3,3,6
test,8,2,23,Y,False,10,10,180
test,8,2,24,N,False,4,4,7
test,8,2,24,Y,False,11,11,133
test,8,2,25,N,False,4,4,7
test,8,2,25,Y,False,11,11,183
test,8,2,26,N,False,4,4,5
test,8,2,26,Y,False,12,12,152
test,8,2,27,N,False,3,3,4
test,8,2,27,Y,False,15,15,150
test,8,2,28,N,False,2,2,5
test,8,2,28,Y,False,12,12,150
test,8,2,29,N,False,3,3,4
test,8,2,29,Y,False,11,11,45
test,8,2,30,N,True,5,5,10
test,8,2,30,Y,True,13,13,33
test,8,3,31,N,False,4,4,4
test,8,3,31,Y,False,8,8,33
test,8,3,32,N,False,4,4,4
test,8,3,32,Y,False,14,14,40
test,8,3,33,N,False,4,4,4
test,8,3,33,Y,False,9,9,64
test,8,3,34,N,True,5,5,8
test,8,3,34,Y,True,10,10,33
test,8,3,35,N,False,4,4,5
test,8,3,35,Y,False,8,8,15
test,8,3,36,N,True,5,5,10
test,8,3,36,Y,True,11,11,19
test,8,3,37,N,True,7,7,11
test,8,3,37,Y,True,8,8,18
test,8,3,38,N,True,6,6,10
test,8,3,38,Y,True,10,10,28
test,8,3,39,N,True,8,8,10
test,8,3,39,Y,True,10,10,16
test,8,3,40,N,True,8,8,14
test,8,3,40,Y,True,14,14,26
test,8,4,41,N,True,7,7,9
test,8,4,41,Y,True,8,8,16
test,8,4,42,N,True,7,7,14
test,8,4,42,Y,True,13,13,33
test,8,4,43,N,True,9,9,15
test,8,4,43,Y,True,14,14,25
test,8,4,44,N,True,7,7,8
test,8,4,44,Y,True,16,16,29
test,8,4,45,N,True,9,9,10
test,8,4,45,Y,True,17,17,26
test,8,4,46,N,True,9,9,12
test,8,4,46,Y,True,15,15,33
test,8,4,47,N,True,8,8,11
test,8,4,47,Y,True,12,12,26
test,8,4,48,N,True,10,10,15
test,8,4,48,Y,True,13,13,28
test,8,4,49,N,True,6,6,9
test,8,4,49,Y,True,8,8,22
test,9,0,1,N,True,5,5,8
test,9,0,1,Y,True,11,9,34
test,9,0,2,N,False,2,2,3
test,9,0,2,Y,False,13,13,25
test,9,0,3,N,False,2,2,4
test,9,0,3,Y,False,7,7,21
test,9,0,4,Y,False,2,2,2
test,9,0,5,Y,False,5,5,5
test,9,0,6,N,False,3,3,3
test,9,0,6,Y,False,16,15,23
test,9,0,7,N,False,2,1,6
test,9,0,7,Y,False,12,12,25
test,9,0,8,N,True,5,3,5
test,9,0,8,Y,True,7,7,10
test,9,0,9,Y,False,3,3,4
test,9,0,10,N,False,1,1,2
test,9,0,10,Y,False,2,2,4
test,9,1,11,N,True,9,8,10
test,9,1,11,Y,True,28,25,75
test,9,1,12,N,False,3,3,3
test,9,1,12,Y,False,26,25,73
test,9,1,13,N,False,3,3,5
test,9,1,13,Y,False,15,14,40
test,9,1,14,N,False,3,3,4
test,9,1,14,Y,False,20,17,36
test,9,1,15,N,False,3,2,12
test,9,1,15,Y,False,13,13,30
test,9,1,16,N,True,11,8,30
test,9,1,16,Y,True,19,18,45
test,9,1,17,N,True,8,8,10
test,9,1,17,Y,True,14,12,34
test,9,1,18,N,True,5,5,6
test,9,1,18,Y,True,13,12,23
test,9,1,19,N,True,9,9,16
test,9,1,19,Y,True,18,18,33
test,9,1,20,N,True,15,11,18
test,9,1,20,Y,True,18,17,24
test,9,2,21,N,True,8,7,15
test,9,2,21,Y,True,14,13,28
test,9,2,22,N,True,8,7,17
test,9,2,22,Y,True,12,11,26
test,9,2,23,N,True,5,5,6
test,9,2,23,Y,True,17,15,21
test,9,2,24,N,True,15,13,21
test,9,2,24,Y,True,14,13,24
test,9,2,25,N,True,9,7,19
test,9,2,25,Y,True,17,15,30
test,9,2,26,N,True,8,8,12
test,9,2,26,Y,True,16,14,26
test,9,2,27,N,True,19,17,36
test,9,2,27,Y,True,19,17,29
test,9,2,28,N,True,24,19,45
test,9,2,28,Y,True,18,17,27
test,9,2,29,N,True,22,20,32
test,9,2,29,Y,True,18,17,28
test,9,2,30,N,True,14,12,30
test,9,2,30,Y,True,20,17,35
test,9,3,31,N,True,10,8,19
test,9,3,31,Y,True,26,22,46
test,9,3,32,N,True,11,11,17
test,9,3,32,Y,True,18,15,26
test,9,3,33,N,True,15,12,25
test,9,3,33,Y,True,22,21,30
test,9,3,34,N,True,18,16,33
test,9,3,34,Y,True,18,17,23
test,9,3,35,N,True,9,9,15
test,9,3,35,Y,True,25,21,41
test,9,3,36,N,True,9,9,18
test,9,3,36,Y,True,21,20,31
test,9,3,37,N,True,11,10,23
test,9,3,37,Y,True,18,17,40
test,9,3,38,N,True,18,16,41
test,9,3,38,Y,True,29,29,66
test,9,3,39,N,True,13,12,60
test,9,3,39,Y,True,29,28,91
test,9,3,40,N,True,23,20,54
test,9,3,40,Y,True,39,35,163
test,9,4,41,N,True,18,18,59
test,9,4,41,Y,True,43,38,169
test,9,4,42,N,True,24,20,118
test,9,4,42,Y,True,44,41,202
test,9,4,43,N,True,26,23,72
test,9,4,43,Y,True,41,39,144
test,9,4,44,N,True,28,24,100
test,9,4,44,Y,True,35,33,125
test,9,4,45,N,True,29,27,172
test,9,4,45,Y,True,42,39,145
test,9,4,46,N,True,29,27,296
test,9,4,46,Y,True,36,30,249
test,9,4,47,N,True,38,36,487
test,9,4,47,Y,True,33,27,325
test,9,4,48,N,True,38,36,529
test,9,4,48,Y,True,45,41,590
test,9,4,49,N,True,51,42,593
test,9,4,49,Y,True,42,39,427
test,10,0,2,Y,False,2,2,7
test,10,0,3,Y,False,2,2,10
test,10,0,4,Y,False,1,1,4
test,10,0,5,Y,False,1,1,1
test,10,0,6,N,False,1,1,1
test,10,0,6,Y,False,1,1,2
test,10,0,7,Y,False,2,2,6
test,10,0,8,N,False,1,1,1
test,10,0,8,Y,False,3,3,4
test,10,0,9,Y,False,1,1,3
test,10,0,10,N,False,1,1,9
test,10,0,10,Y,False,1,1,2
test,10,1,11,Y,False,2,2,2
test,10,1,12,Y,False,2,2,11
test,10,1,13,Y,False,1,1,1
test,10,1,14,Y,False,2,2,3
test,10,1,15,N,False,2,2,12
test,10,1,15,Y,False,2,2,13
test,10,1,16,N,False,1,1,5
test,10,1,16,Y,False,2,2,6
test,10,1,17,N,False,2,2,32
test,10,1,17,Y,False,2,1,3
test,10,1,18,N,False,3,3,6
test,10,1,18,Y,False,2,1,9
test,10,1,19,N,False,2,2,6
test,10,1,19,Y,False,2,1,2
test,10,1,20,N,False,5,5,9
test,10,1,20,Y,False,2,2,6
test,10,2,21,N,False,3,3,7
test,10,2,21,Y,False,4,3,11
test,10,2,22,Y,False,5,3,13
test,10,2,23,N,False,1,1,1
test,10,2,23,Y,False,3,3,6
test,10,2,24,N,False,1,1,1
test,10,2,24,Y,False,3,1,7
test,10,2,25,N,False,2,2,11
test,10,2,25,Y,False,3,3,5
test,10,2,26,N,False,1,1,18
test,10,2,26,Y,False,2,1,4
test,10,2,27,N,False,2,2,24
test,10,2,27,Y,False,4,2,6
test,10,2,28,N,False,1,1,12
test,10,2,28,Y,False,6,3,15
test,10,2,29,N,False,1,1,12
test,10,2,29,Y,False,3,3,15
test,10,2,30,N,False,1,1,29
test,10,2,30,Y,False,5,3,12
test,10,3,31,N,False,1,1,34
test,10,3,31,Y,False,4,2,4
test,10,3,32,N,False,1,1,28
test,10,3,32,Y,False,7,4,15
test,10,3,33,N,False,1,1,24
test,10,3,33,Y,False,4,2,7
test,10,3,34,N,False,1,1,22
test,10,3,34,Y,False,4,3,6
test,10,3,35,N,False,2,2,26
test,10,3,35,Y,False,5,2,9
test,10,3,36,N,False,2,2,17
test,10,3,36,Y,False,4,2,19
test,10,3,37,N,False,1,1,14
test,10,3,37,Y,False,3,1,22
test,10,3,38,N,False,2,2,11
test,10,3,38,Y,False,4,2,12
test,10,3,39,N,False,1,1,13
test,10,3,39,Y,False,3,1,12
test,10,3,40,N,False,2,2,10
test,10,3,40,Y,False,3,2,11
test,10,4,41,N,False,2,2,32
test,10,4,41,Y,False,2,2,5
test,10,4,42,N,False,2,2,18
test,10,4,42,Y,False,2,1,3
test,10,4,43,N,False,3,3,7
test,10,4,43,Y,False,3,2,12
test,10,4,44,N,False,3,3,7
test,10,4,44,Y,False,1,1,18
test,10,4,45,N,False,2,2,3
test,10,4,45,Y,False,2,1,13
test,10,4,46,N,False,3,3,4
test,10,4,46,Y,False,2,2,5
test,10,4,47,N,False,1,1,2
test,10,4,47,Y,False,2,2,5
test,10,4,48,N,False,2,2,6
test,10,4,48,Y,False,3,3,6
test,10,4,49,N,False,1,1,1
test,10,4,49,Y,False,1,1,2
test,11,0,1,N,False,1,1,2
test,11,0,2,N,False,1,1,1
test,11,0,2,Y,False,1,1,1
test,11,0,3,Y,False,1,1,1
test,11,0,5,N,False,2,2,3
test,11,0,5,Y,False,1,1,5
test,11,0,6,N,False,2,2,3
test,11,0,7,N,False,1,1,2
test,11,0,8,N,False,1,1,1
test,11,0,8,Y,False,1,1,1
test,11,0,9,N,False,1,1,2
test,11,0,10,N,False,2,2,2
test,11,1,11,N,False,4,3,4
test,11,1,12,N,False,1,1,2
test,11,1,14,N,False,1,1,3
test,11,1,14,Y,False,1,1,1
test,11,1,15,Y,False,1,1,1
test,11,1,16,N,False,4,4,8
test,11,1,16,Y,False,2,2,2
test,11,1,17,N,False,3,2,4
test,11,1,18,N,False,2,2,3
test,11,1,20,N,False,1,1,2
test,11,1,20,Y,False,1,1,1
test,11,2,21,N,False,4,4,6
test,11,2,21,Y,False,2,2,2
test,11,2,22,N,False,2,1,3
test,11,2,22,Y,False,2,2,3
test,11,2,25,N,False,1,1,2
test,11,2,25,Y,False,2,2,2
test,11,2,26,N,False,1,1,1
test,11,2,26,Y,False,2,2,2
test,11,2,27,N,False,1,1,1
test,11,2,27,Y,False,1,1,1
test,11,2,28,N,False,1,1,1
test,11,2,29,N,False,2,2,2
test,11,2,29,Y,False,2,2,2
test,11,2,30,N,False,3,3,4
test,11,2,30,Y,False,2,2,2
test,11,3,31,N,False,1,1,1
test,11,3,31,Y,False,3,3,4
test,11,3,32,N,False,4,4,9
test,11,3,32,Y,False,1,1,1
test,11,3,33,N,False,2,2,3
test,11,3,33,Y,False,2,2,2
test,11,3,34,N,False,2,2,3
test,11,3,35,N,False,2,2,2
test,11,3,35,Y,False,1,1,2
test,11,3,36,N,False,1,1,1
test,11,3,36,Y,False,1,1,1
test,11,3,37,N,False,2,2,10
test,11,3,37,Y,False,2,2,2
test,11,3,38,Y,False,1,1,1
test,11,3,39,N,False,1,1,1
test,11,3,39,Y,False,3,3,5
test,11,3,40,N,False,5,4,10
test,11,3,40,Y,False,2,2,10
test,11,4,41,N,False,5,4,6
test,11,4,41,Y,False,4,4,8
test,11,4,42,N,True,5,4,6
test,11,4,42,Y,True,5,5,11
test,11,4,43,N,False,3,3,9
test,11,4,43,Y,False,2,2,5
test,11,4,44,N,True,6,5,13
test,11,4,44,Y,True,6,6,26
test,11,4,45,N,True,5,5,10
test,11,4,45,Y,True,8,8,23
test,11,4,46,N,True,5,5,13
test,11,4,46,Y,True,8,8,41
test,11,4,47,N,True,7,7,28
test,11,4,47,Y,True,13,13,99
test,11,4,48,N,True,11,11,92
test,11,4,48,Y,True,20,19,171
test,11,4,49,N,True,14,14,105
test,11,4,49,Y,True,17,17,159
test,12,0,1,N,False,2,2,2
test,12,0,1,Y,False,2,2,67
test,12,0,2,N,False,2,2,2
test,12,0,2,Y,False,4,3,53
test,12,0,3,N,False,4,4,4
test,12,0,3,Y,False,2,2,41
test,12,0,4,N,False,1,1,1
test,12,0,4,Y,False,1,1,20
test,12,0,5,N,False,1,1,1
test,12,0,5,Y,False,4,3,25
test,12,0,6,N,False,2,2,2
test,12,0,6,Y,False,6,5,19
test,12,0,7,N,False,2,2,2
test,12,0,7,Y,False,6,4,29
test,12,0,8,N,False,2,2,3
test,12,0,8,Y,False,6,6,17
test,12,0,9,N,True,5,4,7
test,12,0,9,Y,True,5,5,18
test,12,0,10,N,False,3,3,3
test,12,0,10,Y,False,6,5,24
test,12,1,11,N,True,5,5,11
test,12,1,11,Y,True,5,5,17
test,12,1,12,N,False,3,3,3
test,12,1,12,Y,False,9,7,13
test,12,1,13,N,False,3,3,4
test,12,1,13,Y,False,6,6,14
test,12,1,14,N,False,2,2,2
test,12,1,14,Y,False,3,3,10
test,12,1,15,N,False,2,2,2
test,12,1,15,Y,False,3,3,4
test,12,1,16,N,False,3,3,4
test,12,1,16,Y,False,2,2,2
test,12,1,17,N,False,2,2,3
test,12,1,17,Y,False,5,5,7
test,12,1,18,N,False,2,2,2
test,12,1,18,Y,False,7,7,8
test,12,1,19,N,False,3,3,3
test,12,1,19,Y,False,5,5,8
test,12,1,20,N,False,3,3,3
test,12,1,20,Y,False,6,6,8
test,12,2,21,Y,False,8,7,10
test,12,2,22,N,False,3,3,3
test,12,2,22,Y,False,8,7,18
test,12,2,23,N,False,3,3,3
test,12,2,23,Y,False,7,7,13
test,12,2,24,N,True,5,5,8
test,12,2,24,Y,True,7,7,13
test,12,2,25,N,False,1,1,1
test,12,2,25,Y,False,8,8,18
test,12,2,26,N,True,7,7,9
test,12,2,26,Y,True,7,7,18
test,12,2,27,N,False,4,4,5
test,12,2,27,Y,False,8,8,22
test,12,2,28,N,True,10,10,10
test,12,2,28,Y,True,7,7,43
test,12,2,29,N,False,4,4,5
test,12,2,29,Y,False,6,5,54
test,12,2,30,N,True,7,7,7
test,12,2,30,Y,True,10,10,47
test,12,3,31,N,False,4,4,5
test,12,3,31,Y,False,4,4,28
test,12,3,32,N,False,10,10,13
test,12,3,32,Y,False,4,4,26
test,12,3,33,N,True,10,10,17
test,12,3,33,Y,True,7,7,27
test,12,3,34,N,True,10,10,12
test,12,3,34,Y,True,8,8,27
test,12,3,35,N,True,5,5,7
test,12,3,35,Y,True,6,6,44
test,12,3,36,N,True,9,9,9
test,12,3,36,Y,True,7,7,32
test,12,3,37,N,False,3,3,3
test,12,3,37,Y,False,5,5,9
test,12,3,38,N,True,5,5,7
test,12,3,38,Y,True,6,6,11
test,12,3,39,N,True,6,6,7
test,12,3,39,Y,True,8,8,14
test,12,3,40,N,False,5,5,5
test,12,3,40,Y,False,4,4,9
test,12,4,41,N,False,5,5,7
test,12,4,41,Y,False,3,3,12
test,12,4,42,N,True,5,5,8
test,12,4,42,Y,True,5,5,10
test,12,4,43,N,False,4,4,4
test,12,4,43,Y,False,7,6,12
test,12,4,44,N,False,3,3,3
test,12,4,44,Y,False,4,4,4
test,12,4,45,N,False,4,4,4
test,12,4,45,Y,False,3,3,4
test,12,4,46,N,False,2,2,2
test,12,4,46,Y,False,5,5,5
test,12,4,47,N,False,4,4,5
test,12,4,47,Y,False,4,4,4
test,12,4,48,N,False,5,5,6
test,12,4,48,Y,False,4,4,5
test,12,4,49,N,False,7,7,7
test,12,4,49,Y,False,3,3,3
test,13,0,1,Y,False,1,1,1
test,13,0,4,Y,False,1,1,1
test,13,0,5,Y,False,1,1,1
test,13,0,10,N,False,1,1,1
test,13,1,12,Y,False,1,1,2
test,13,1,13,Y,False,1,1,2
test,13,1,14,Y,False,1,1,4
test,13,1,15,Y,False,1,1,5
test,13,1,20,Y,False,1,1,9
test,13,2,21,Y,False,1,1,3
test,13,2,22,Y,False,1,1,2
test,13,2,23,Y,False,1,1,5
test,13,2,24,Y,False,1,1,2
test,13,2,25,Y,False,3,3,5
test,13,2,26,Y,False,1,1,4
test,13,2,27,Y,False,2,2,2
test,13,2,28,Y,False,2,2,5
test,13,2,29,Y,False,1,1,2
test,13,2,30,Y,False,1,1,1
test,13,3,32,Y,False,1,1,1
test,13,3,33,Y,False,1,1,3
test,13,3,34,Y,False,1,1,5
test,13,3,35,Y,False,1,1,3
test,13,3,36,Y,False,1,1,1
test,13,3,38,Y,False,2,2,3
test,13,3,39,Y,False,1,1,1
test,13,3,40,Y,False,2,2,3
test,13,4,41,Y,False,1,1,4
test,13,4,42,N,False,1,1,1
test,13,4,42,Y,False,2,2,9
test,13,4,43,Y,False,1,1,2
test,13,4,44,Y,False,1,1,4
test,13,4,45,N,False,1,1,2
test,13,4,45,Y,False,2,2,5
test,13,4,46,N,False,1,1,1
test,13,4,46,Y,False,1,1,1
test,13,4,48,Y,False,2,2,3
test,13,4,49,N,False,1,1,1
test,13,4,49,Y,False,1,1,1
test,14,0,1,N,False,2,2,4
test,14,0,1,Y,False,8,5,97
test,14,0,2,Y,False,4,4,57
test,14,0,3,Y,False,1,1,5
test,14,0,4,Y,False,2,2,5
test,14,0,5,Y,False,1,1,1
test,14,0,6,N,False,1,1,1
test,14,0,6,Y,False,2,1,63
test,14,0,7,N,False,2,2,6
test,14,0,7,Y,False,3,2,53
test,14,0,8,Y,False,4,3,17
test,14,0,9,N,False,1,1,1
test,14,0,9,Y,False,2,2,5
test,14,0,10,N,False,2,2,3
test,14,0,10,Y,False,2,2,3
test,14,1,11,N,False,3,3,7
test,14,1,12,N,False,2,2,4
test,14,1,12,Y,False,1,1,6
test,14,1,13,N,False,2,2,4
test,14,1,13,Y,False,2,2,2
test,14,1,14,N,False,3,3,9
test,14,1,14,Y,False,3,3,29
test,14,1,15,N,False,2,2,9
test,14,1,15,Y,False,3,3,7
test,14,1,16,N,False,4,4,15
test,14,1,16,Y,False,3,3,8
test,14,1,17,N,False,3,3,27
test,14,1,17,Y,False,2,2,22
test,14,1,18,N,False,2,2,10
test,14,1,18,Y,False,2,2,8
test,14,1,19,N,False,1,1,5
test,14,1,19,Y,False,1,1,2
test,14,1,20,N,False,2,2,3
test,14,1,20,Y,False,1,1,2
test,14,2,21,N,False,1,1,5
test,14,2,21,Y,False,1,1,4
test,14,2,22,N,False,1,1,4
test,14,2,23,N,False,2,2,3
test,14,2,23,Y,False,1,1,5
test,14,2,24,Y,False,1,1,11
test,14,2,25,Y,False,3,3,4
test,14,2,26,Y,False,1,1,1
test,14,2,28,N,False,1,1,3
test,14,2,28,Y,False,1,1,2
test,14,2,29,Y,False,1,1,1
test,14,2,30,N,False,1,1,1
test,14,2,30,Y,False,1,1,2
test,14,3,32,Y,False,1,1,1
test,14,3,33,N,False,2,1,3
test,14,3,33,Y,False,1,1,1
test,14,3,34,N,False,1,1,2
test,14,3,35,N,False,1,1,1
test,14,3,37,Y,False,1,1,1
test,14,3,38,N,False,1,1,1
test,14,3,39,Y,False,2,1,2
test,14,3,40,Y,False,1,1,1
test,14,4,41,Y,False,1,1,1
test,14,4,42,Y,False,3,2,6
test,14,4,43,N,False,1,1,2
test,14,4,43,Y,False,2,2,2
test,14,4,44,Y,False,4,3,6
test,14,4,45,N,False,2,1,2
test,14,4,45,Y,False,3,2,4
test,14,4,46,Y,False,1,1,4
test,14,4,47,N,False,1,1,1
test,14,4,47,Y,False,2,2,2
test,14,4,48,N,False,1,1,1
test,14,4,49,Y,False,1,1,2
test,15,0,1,N,True,28,20,95
test,15,0,1,Y,True,33,25,68
test,15,0,2,N,True,22,19,43
test,15,0,2,Y,True,21,18,40
test,15,0,3,N,True,18,15,49
test,15,0,3,Y,True,13,12,24
test,15,0,4,N,True,26,22,42
test,15,0,4,Y,True,25,22,56
test,15,0,5,N,True,40,32,101
test,15,0,5,Y,True,31,29,79
test,15,0,6,N,True,48,42,89
test,15,0,6,Y,True,35,33,65
test,15,0,7,N,True,38,35,71
test,15,0,7,Y,True,40,37,60
test,15,0,8,N,True,44,38,82
test,15,0,8,Y,True,33,32,80
test,15,0,9,N,True,57,51,108
test,15,0,9,Y,True,34,33,58
test,15,0,10,N,True,58,48,138
test,15,0,10,Y,True,37,33,72
test,15,1,11,N,True,44,38,95
test,15,1,11,Y,True,37,36,91
test,15,1,12,N,True,49,42,110
test,15,1,12,Y,True,44,41,91
test,15,1,13,N,True,41,39,64
test,15,1,13,Y,True,45,43,97
test,15,1,14,N,True,53,46,100
test,15,1,14,Y,True,60,57,123
test,15,1,15,N,True,51,43,138
test,15,1,15,Y,True,51,46,114
test,15,1,16,N,True,51,45,97
test,15,1,16,Y,True,50,47,104
test,15,1,17,N,True,62,54,131
test,15,1,17,Y,True,51,48,118
test,15,1,18,N,True,47,42,101
test,15,1,18,Y,True,55,47,113
test,15,1,19,N,True,51,44,101
test,15,1,19,Y,True,54,49,121
test,15,1,20,N,True,64,56,177
test,15,1,20,Y,True,66,62,163
test,15,2,21,N,True,65,58,159
test,15,2,21,Y,True,58,48,129
test,15,2,22,N,True,61,50,125
test,15,2,22,Y,True,55,49,134
test,15,2,23,N,True,58,50,141
test,15,2,23,Y,True,58,51,123
test,15,2,24,N,True,55,50,101
test,15,2,24,Y,True,45,39,94
test,15,2,25,N,True,60,54,148
test,15,2,25,Y,True,57,49,129
test,15,2,26,N,True,54,50,134
test,15,2,26,Y,True,39,36,78
test,15,2,27,N,True,71,63,187
test,15,2,27,Y,True,46,42,78
test,15,2,28,N,True,65,58,145
test,15,2,28,Y,True,63,55,118
test,15,2,29,N,True,57,54,117
test,15,2,29,Y,True,60,56,118
test,15,2,30,N,True,66,54,140
test,15,2,30,Y,True,72,62,142
test,15,3,31,N,True,66,58,150
test,15,3,31,Y,True,53,48,120
test,15,3,32,N,True,59,53,133
test,15,3,32,Y,True,66,62,105
test,15,3,33,N,True,49,44,140
test,15,3,33,Y,True,67,63,131
test,15,3,34,N,True,59,50,117
test,15,3,34,Y,True,57,50,119
test,15,3,35,N,True,62,55,172
test,15,3,35,Y,True,60,56,157
test,15,3,36,N,True,55,49,179
test,15,3,36,Y,True,66,59,144
test,15,3,37,N,True,48,44,101
test,15,3,37,Y,True,57,53,125
test,15,3,38,N,True,53,48,126
test,15,3,38,Y,True,59,54,117
test,15,3,39,N,True,48,44,133
test,15,3,39,Y,True,53,50,114
test,15,3,40,N,True,56,46,160
test,15,3,40,Y,True,59,54,125
test,15,4,41,N,True,51,49,153
test,15,4,41,Y,True,70,66,148
test,15,4,42,N,True,56,51,149
test,15,4,42,Y,True,63,53,147
test,15,4,43,N,True,48,42,130
test,15,4,43,Y,True,73,62,123
test,15,4,44,N,True,60,56,149
test,15,4,44,Y,True,63,56,118
test,15,4,45,N,True,62,57,173
test,15,4,45,Y,True,62,58,166
test,15,4,46,N,True,51,45,125
test,15,4,46,Y,True,57,53,158
test,15,4,47,N,True,57,52,126
test,15,4,47,Y,True,60,52,150
test,15,4,48,N,True,64,58,160
test,15,4,48,Y,True,68,66,146
test,15,4,49,N,True,70,64,174
test,15,4,49,Y,True,70,60,152
train,0,0,1,N,False,2,2,3
train,0,0,1,Y,False,146,137,903
train,0,0,2,N,False,1,1,1
train,0,0,2,Y,False,113,103,462
train,0,0,3,N,False,2,2,2
train,0,0,3,Y,False,159,141,964
train,0,0,4,N,False,1,1,2
train,0,0,4,Y,False,151,133,765
train,0,0,5,N,False,1,1,1
train,0,0,5,Y,False,162,146,904
train,0,0,6,N,False,2,2,4
train,0,0,6,Y,False,172,155,922
train,0,0,7,N,False,2,2,2
train,0,0,7,Y,False,156,139,752
train,0,0,8,N,False,2,2,4
train,0,0,8,Y,False,174,156,661
train,0,0,9,N,False,2,2,25
train,0,0,9,Y,False,187,166,829
train,0,0,10,N,False,2,2,12
train,0,0,10,Y,False,198,177,758
train,0,1,11,N,False,3,3,4
train,0,1,11,Y,False,175,157,599
train,0,1,12,N,False,4,4,7
train,0,1,12,Y,False,172,148,650
train,0,1,13,N,False,3,3,5
train,0,1,13,Y,False,179,158,711
train,0,1,14,N,False,3,3,6
train,0,1,14,Y,False,180,165,673
train,0,1,15,N,True,6,6,9
train,0,1,15,Y,True,187,168,846
train,0,1,16,N,False,2,2,5
train,0,1,16,Y,False,195,180,707
train,0,1,17,N,False,4,4,12
train,0,1,17,Y,False,210,188,750
train,0,1,18,N,True,6,6,11
train,0,1,18,Y,True,204,183,761
train,0,1,19,N,True,6,6,10
train,0,1,19,Y,True,208,181,756
train,0,1,20,N,True,5,5,10
train,0,1,20,Y,True,231,203,829
train,0,2,21,N,False,3,2,10
train,0,2,21,Y,False,199,180,738
train,0,2,22,N,True,6,6,17
train,0,2,22,Y,True,218,190,856
train,0,2,23,N,True,7,7,13
train,0,2,23,Y,True,214,188,803
train,0,2,24,N,False,4,4,5
train,0,2,24,Y,False,201,176,714
train,0,2,25,N,True,12,11,19
train,0,2,25,Y,True,208,186,847
train,0,2,26,N,True,9,9,21
train,0,2,26,Y,True,203,182,826
train,0,2,27,N,True,10,10,39
train,0,2,27,Y,True,209,188,826
train,0,2,28,N,True,11,11,37
train,0,2,28,Y,True,222,197,828
train,0,2,29,N,True,5,5,36
train,0,2,29,Y,True,190,174,761
train,0,2,30,N,True,12,12,36
train,0,2,30,Y,True,222,198,908
train,0,3,31,N,True,14,14,39
train,0,3,31,Y,True,218,189,984
train,0,3,32,N,True,17,17,49
train,0,3,32,Y,True,206,184,857
train,0,3,33,N,True,12,12,32
train,0,3,33,Y,True,210,191,888
train,0,3,34,N,True,11,11,34
train,0,3,34,Y,True,200,182,891
train,0,3,35,N,True,22,21,101
train,0,3,35,Y,True,212,190,876
train,0,3,36,N,True,21,21,88
train,0,3,36,Y,True,190,172,684
train,0,3,37,N,True,20,20,94
train,0,3,37,Y,True,182,167,650
train,0,3,38,N,True,28,28,124
train,0,3,38,Y,True,180,166,698
train,0,3,39,N,True,30,30,166
train,0,3,39,Y,True,172,160,640
train,0,3,40,N,True,34,34,189
train,0,3,40,Y,True,165,156,699
train,0,4,41,N,True,38,38,256
train,0,4,41,Y,True,147,139,594
train,0,4,42,N,True,39,39,265
train,0,4,42,Y,True,103,99,511
train,0,4,43,N,True,40,39,235
train,0,4,43,Y,True,134,126,605
train,0,4,44,N,True,43,42,306
train,0,4,44,Y,True,137,131,611
train,0,4,45,N,True,57,56,364
train,0,4,45,Y,True,121,118,630
train,0,4,46,N,True,57,57,378
train,0,4,46,Y,True,115,112,528
train,0,4,47,N,True,71,71,321
train,0,4,47,Y,True,104,100,425
train,0,4,48,N,True,79,79,350
train,0,4,48,Y,True,103,102,446
train,0,4,49,N,True,90,88,416
train,0,4,49,Y,True,93,90,501
train,1,0,1,N,True,5,4,12
train,1,0,1,Y,True,273,112,5794
train,1,0,2,N,True,8,7,9
train,1,0,2,Y,True,194,78,3382
train,1,0,3,N,True,7,7,8
train,1,0,3,Y,True,196,88,3097
train,1,0,4,N,False,2,2,2
train,1,0,4,Y,False,209,101,2060
train,1,0,5,N,False,3,3,3
train,1,0,5,Y,False,254,128,2082
train,1,0,6,N,False,4,4,5
train,1,0,6,Y,False,242,124,1860
train,1,0,7,N,False,3,3,3
train,1,0,7,Y,False,234,130,1771
train,1,0,8,N,False,1,1,1
train,1,0,8,Y,False,270,158,1498
train,1,0,9,N,False,4,4,4
train,1,0,9,Y,False,248,153,1699
train,1,0,10,N,True,6,6,12
train,1,0,10,Y,True,264,159,2120
train,1,1,11,N,False,2,2,2
train,1,1,11,Y,False,288,176,1955
train,1,1,12,N,False,3,3,5
train,1,1,12,Y,False,266,169,1955
train,1,1,13,Y,False,271,184,1705
train,1,1,14,N,True,7,7,13
train,1,1,14,Y,True,239,159,1456
train,1,1,15,N,False,3,3,4
train,1,1,15,Y,False,234,168,1433
train,1,1,16,N,False,1,1,2
train,1,1,16,Y,False,209,161,1109
train,1,1,17,N,False,3,3,3
train,1,1,17,Y,False,197,152,970
train,1,1,18,N,False,2,2,5
train,1,1,18,Y,False,198,153,1011
train,1,1,19,N,False,2,2,2
train,1,1,19,Y,False,193,156,827
train,1,1,20,N,False,3,3,4
train,1,1,20,Y,False,193,158,846
train,1,2,21,N,True,5,5,7
train,1,2,21,Y,True,164,143,786
train,1,2,22,Y,False,170,148,630
train,1,2,23,N,False,2,2,2
train,1,2,23,Y,False,159,142,652
train,1,2,24,N,False,4,4,4
train,1,2,24,Y,False,162,142,613
train,1,2,25,N,True,5,5,6
train,1,2,25,Y,True,164,145,706
train,1,2,26,N,False,2,2,2
train,1,2,26,Y,False,131,123,553
train,1,2,27,N,False,2,2,2
train,1,2,27,Y,False,131,120,469
train,1,2,28,N,True,6,6,6
train,1,2,28,Y,True,135,126,502
train,1,2,29,N,False,4,4,5
train,1,2,29,Y,False,117,108,435
train,1,2,30,N,False,4,4,8
train,1,2,30,Y,False,131,120,548
train,1,3,31,N,True,15,15,17
train,1,3,31,Y,True,91,84,316
train,1,3,32,N,True,6,6,8
train,1,3,32,Y,True,77,73,301
train,1,3,33,N,True,9,9,13
train,1,3,33,Y,True,75,70,276
train,1,3,34,N,False,2,2,6
train,1,3,34,Y,False,78,74,260
train,1,3,35,N,True,8,8,20
train,1,3,35,Y,True,85,79,303
train,1,3,36,N,True,10,10,18
train,1,3,36,Y,True,62,57,204
train,1,3,37,N,True,7,7,11
train,1,3,37,Y,True,58,57,202
train,1,3,38,N,True,12,12,17
train,1,3,38,Y,True,62,58,248
train,1,3,39,N,True,12,12,14
train,1,3,39,Y,True,56,54,213
train,1,3,40,N,True,14,14,22
train,1,3,40,Y,True,53,51,166
train,1,4,41,N,True,8,8,16
train,1,4,41,Y,True,50,49,172
train,1,4,42,N,True,15,15,40
train,1,4,42,Y,True,38,37,102
train,1,4,43,N,True,16,16,33
train,1,4,43,Y,True,36,35,92
train,1,4,44,N,True,22,22,50
train,1,4,44,Y,True,30,29,91
train,1,4,45,N,True,21,21,51
train,1,4,45,Y,True,35,33,106
train,1,4,46,N,True,20,20,42
train,1,4,46,Y,True,26,25,94
train,1,4,47,N,True,16,16,51
train,1,4,47,Y,True,23,23,76
train,1,4,48,N,True,19,19,56
train,1,4,48,Y,True,23,23,81
train,1,4,49,N,True,22,22,73
train,1,4,49,Y,True,23,22,80
train,2,0,1,N,True,52,45,387
train,2,0,1,Y,True,30,26,131
train,2,0,2,N,True,43,39,103
train,2,0,2,Y,True,32,29,75
train,2,0,3,N,True,33,31,117
train,2,0,3,Y,True,31,29,76
train,2,0,4,N,True,27,25,150
train,2,0,4,Y,True,35,32,97
train,2,0,5,N,True,43,42,155
train,2,0,5,Y,True,35,34,85
train,2,0,6,N,True,37,36,281
train,2,0,6,Y,True,41,41,109
train,2,0,7,N,True,45,42,146
train,2,0,7,Y,True,45,45,109
train,2,0,8,N,True,48,47,122
train,2,0,8,Y,True,39,39,89
train,2,0,9,N,True,42,41,89
train,2,0,9,Y,True,46,44,121
train,2,0,10,N,True,54,51,112
train,2,0,10,Y,True,55,52,124
train,2,1,11,N,True,54,51,116
train,2,1,11,Y,True,52,51,129
train,2,1,12,N,True,57,50,144
train,2,1,12,Y,True,68,65,136
train,2,1,13,N,True,67,63,149
train,2,1,13,Y,True,59,59,142
train,2,1,14,N,True,57,56,158
train,2,1,14,Y,True,53,51,109
train,2,1,15,N,True,79,75,200
train,2,1,15,Y,True,65,63,147
train,2,1,16,N,True,69,64,156
train,2,1,16,Y,True,65,63,137
train,2,1,17,N,True,69,64,160
train,2,1,17,Y,True,64,62,158
train,2,1,18,N,True,76,71,196
train,2,1,18,Y,True,62,61,147
train,2,1,19,N,True,72,68,195
train,2,1,19,Y,True,64,62,174
train,2,1,20,N,True,83,77,247
train,2,1,20,Y,True,71,68,194
train,2,2,21,N,True,78,72,198
train,2,2,21,Y,True,59,57,154
train,2,2,22,N,True,82,76,227
train,2,2,22,Y,True,56,55,128
train,2,2,23,N,True,86,78,254
train,2,2,23,Y,True,58,56,144
train,2,2,24,N,True,91,84,235
train,2,2,24,Y,True,53,53,122
train,2,2,25,N,True,89,81,277
train,2,2,25,Y,True,82,77,281
train,2,2,26,N,True,87,79,212
train,2,2,26,Y,True,68,65,198
train,2,2,27,N,True,79,71,200
train,2,2,27,Y,True,65,62,193
train,2,2,28,N,True,82,76,184
train,2,2,28,Y,True,67,64,185
train,2,2,29,N,True,74,69,169
train,2,2,29,Y,True,57,56,190
train,2,2,30,N,True,87,81,220
train,2,2,30,Y,True,76,72,223
train,2,3,31,N,True,80,75,216
train,2,3,31,Y,True,79,74,280
train,2,3,32,N,True,89,80,503
train,2,3,32,Y,True,71,67,162
train,2,3,33,N,True,90,80,287
train,2,3,33,Y,True,81,76,223
train,2,3,34,N,True,89,81,266
train,2,3,34,Y,True,78,73,234
train,2,3,35,N,True,101,94,290
train,2,3,35,Y,True,94,89,296
train,2,3,36,N,True,87,81,266
train,2,3,36,Y,True,79,72,234
train,2,3,37,N,True,87,81,230
train,2,3,37,Y,True,74,71,212
train,2,3,38,N,True,86,83,216
train,2,3,38,Y,True,76,71,208
train,2,3,39,N,True,81,79,205
train,2,3,39,Y,True,69,63,189
train,2,3,40,N,True,88,86,218
train,2,3,40,Y,True,79,73,256
train,2,4,41,N,True,87,80,187
train,2,4,41,Y,True,70,65,171
train,2,4,42,N,True,78,76,180
train,2,4,42,Y,True,76,70,177
train,2,4,43,N,True,78,75,166
train,2,4,43,Y,True,83,77,238
train,2,4,44,N,True,75,70,153
train,2,4,44,Y,True,77,72,208
train,2,4,45,N,True,76,69,190
train,2,4,45,Y,True,92,84,299
train,2,4,46,N,True,73,69,167
train,2,4,46,Y,True,77,71,183
train,2,4,47,N,True,69,63,163
train,2,4,47,Y,True,77,71,160
train,2,4,48,N,True,71,69,136
train,2,4,48,Y,True,72,70,163
train,2,4,49,N,True,75,69,151
train,2,4,49,Y,True,76,70,187
train,3,0,1,N,True,24,24,917
train,3,0,1,Y,True,33,33,525
train,3,0,2,N,True,26,26,389
train,3,0,2,Y,True,32,31,581
train,3,0,3,N,True,49,49,459
train,3,0,3,Y,True,51,49,586
train,3,0,4,N,True,56,56,204
train,3,0,4,Y,True,58,56,515
train,3,0,5,N,True,42,41,170
train,3,0,5,Y,True,64,62,537
train,3,0,6,N,True,44,43,105
train,3,0,6,Y,True,64,61,346
train,3,0,7,N,True,36,36,108
train,3,0,7,Y,True,57,55,306
train,3,0,8,N,True,39,39,112
train,3,0,8,Y,True,66,65,353
train,3,0,9,N,True,30,30,150
train,3,0,9,Y,True,69,69,348
train,3,0,10,N,True,37,35,174
train,3,0,10,Y,True,80,80,403
train,3,1,11,N,True,35,35,178
train,3,1,11,Y,True,82,82,306
train,3,1,12,N,True,36,36,228
train,3,1,12,Y,True,83,83,269
train,3,1,13,N,True,38,36,207
train,3,1,13,Y,True,78,78,244
train,3,1,14,N,True,45,43,219
train,3,1,14,Y,True,81,81,304
train,3,1,15,N,True,37,35,338
train,3,1,15,Y,True,82,82,267
train,3,1,16,N,True,40,39,392
train,3,1,16,Y,True,90,89,282
train,3,1,17,N,True,44,44,540
train,3,1,17,Y,True,87,87,475
train,3,1,18,N,True,42,41,496
train,3,1,18,Y,True,81,81,550
train,3,1,19,N,True,49,48,628
train,3,1,19,Y,True,84,84,363
train,3,1,20,N,True,59,57,807
train,3,1,20,Y,True,101,100,386
train,3,2,21,N,True,60,58,871
train,3,2,21,Y,True,93,92,595
train,3,2,22,N,True,55,53,497
train,3,2,22,Y,True,96,95,1721
train,3,2,23,N,True,51,50,547
train,3,2,23,Y,True,100,100,390
train,3,2,24,N,True,50,49,399
train,3,2,24,Y,True,108,107,402
train,3,2,25,N,True,56,54,674
train,3,2,25,Y,True,114,111,1120
train,3,2,26,N,True,53,52,844
train,3,2,26,Y,True,54,52,256
train,3,2,27,N,True,50,50,537
train,3,2,27,Y,True,50,50,280
train,3,2,28,N,True,43,41,476
train,3,2,28,Y,True,45,44,245
train,3,2,29,N,True,50,50,479
train,3,2,29,Y,True,39,39,156
train,3,2,30,N,True,59,57,465
train,3,2,30,Y,True,63,61,274
train,3,3,31,N,True,49,48,370
train,3,3,31,Y,True,51,51,239
train,3,3,32,N,True,57,56,1208
train,3,3,32,Y,True,47,47,172
train,3,3,33,N,True,57,56,919
train,3,3,33,Y,True,59,58,216
train,3,3,34,N,True,49,47,699
train,3,3,34,Y,True,48,48,1112
train,3,3,35,N,True,60,58,653
train,3,3,35,Y,True,58,56,1443
train,3,3,36,N,True,55,54,452
train,3,3,36,Y,True,55,54,387
train,3,3,37,N,True,52,52,1271
train,3,3,37,Y,True,52,51,477
train,3,3,38,N,True,58,57,2696
train,3,3,38,Y,True,47,45,545
train,3,3,39,N,True,56,56,1904
train,3,3,39,Y,True,58,57,523
train,3,3,40,N,True,66,65,983
train,3,3,40,Y,True,58,56,308
train,3,4,41,N,True,55,53,482
train,3,4,41,Y,True,48,47,509
train,3,4,42,N,True,68,66,589
train,3,4,42,Y,True,64,62,649
train,3,4,43,N,True,67,65,755
train,3,4,43,Y,True,64,63,531
train,3,4,44,N,True,59,57,1148
train,3,4,44,Y,True,68,67,661
train,3,4,45,N,True,60,58,709
train,3,4,45,Y,True,68,67,472
train,3,4,46,N,True,64,62,416
train,3,4,46,Y,True,61,60,494
train,3,4,47,N,True,62,60,631
train,3,4,47,Y,True,59,57,318
train,3,4,48,N,True,59,55,357
train,3,4,48,Y,True,62,60,332
train,3,4,49,N,True,66,60,277
train,3,4,49,Y,True,61,57,411
train,4,0,1,N,True,12,12,33
train,4,0,1,Y,True,261,226,2413
train,4,0,2,N,True,5,5,37
train,4,0,2,Y,True,239,216,1506
train,4,0,3,N,True,8,8,41
train,4,0,3,Y,True,272,241,1759
train,4,0,4,N,True,8,8,42
train,4,0,4,Y,True,247,223,1285
train,4,0,5,N,True,12,12,83
train,4,0,5,Y,True,269,247,1403
train,4,0,6,N,True,12,12,51
train,4,0,6,Y,True,271,247,1329
train,4,0,7,N,True,10,10,37
train,4,0,7,Y,True,284,265,1351
train,4,0,8,N,True,12,12,53
train,4,0,8,Y,True,278,260,1328
train,4,0,9,N,True,11,11,51
train,4,0,9,Y,True,288,269,1413
train,4,0,10,N,True,15,15,77
train,4,0,10,Y,True,309,280,1619
train,4,1,11,N,True,16,16,58
train,4,1,11,Y,True,289,267,1278
train,4,1,12,N,True,15,15,57
train,4,1,12,Y,True,286,265,1205
train,4,1,13,N,True,17,17,52
train,4,1,13,Y,True,282,263,1159
train,4,1,14,N,True,23,23,56
train,4,1,14,Y,True,294,274,1130
train,4,1,15,N,True,24,24,77
train,4,1,15,Y,True,298,282,1230
train,4,1,16,N,True,20,20,59
train,4,1,16,Y,True,279,262,1030
train,4,1,17,N,True,22,22,65
train,4,1,17,Y,True,279,260,1087
train,4,1,18,N,True,24,24,99
train,4,1,18,Y,True,275,255,1132
train,4,1,19,N,True,18,18,68
train,4,1,19,Y,True,270,253,986
train,4,1,20,N,True,27,27,123
train,4,1,20,Y,True,294,275,1269
train,4,2,21,N,True,27,27,103
train,4,2,21,Y,True,262,247,1093
train,4,2,22,N,True,27,27,88
train,4,2,22,Y,True,259,244,996
train,4,2,23,N,True,23,23,80
train,4,2,23,Y,True,258,240,916
train,4,2,24,N,True,24,24,82
train,4,2,24,Y,True,266,247,904
train,4,2,25,N,True,36,36,132
train,4,2,25,Y,True,274,252,1156
train,4,2,26,N,True,27,26,75
train,4,2,26,Y,True,255,238,980
train,4,2,27,N,True,27,27,52
train,4,2,27,Y,True,253,235,899
train,4,2,28,N,True,31,31,85
train,4,2,28,Y,True,269,247,923
train,4,2,29,N,True,29,28,91
train,4,2,29,Y,True,219,202,882
train,4,2,30,N,True,35,35,94
train,4,2,30,Y,True,252,234,1261
train,4,3,31,N,True,33,32,124
train,4,3,31,Y,True,241,225,976
train,4,3,32,N,True,42,41,153
train,4,3,32,Y,True,239,223,988
train,4,3,33,N,True,40,39,129
train,4,3,33,Y,True,255,234,1013
train,4,3,34,N,True,42,41,171
train,4,3,34,Y,True,234,218,983
train,4,3,35,N,True,54,51,251
train,4,3,35,Y,True,254,235,1201
train,4,3,36,N,True,60,59,233
train,4,3,36,Y,True,240,223,1141
train,4,3,37,N,True,70,67,312
train,4,3,37,Y,True,236,214,1063
train,4,3,38,N,True,58,56,276
train,4,3,38,Y,True,234,214,1103
train,4,3,39,N,True,79,78,426
train,4,3,39,Y,True,232,213,1219
train,4,3,40,N,True,94,91,550
train,4,3,40,Y,True,242,219,1098
train,4,4,41,N,True,101,98,694
train,4,4,41,Y,True,219,202,853
train,4,4,42,N,True,102,98,607
train,4,4,42,Y,True,177,163,813
train,4,4,43,N,True,98,95,658
train,4,4,43,Y,True,209,194,920
train,4,4,44,N,True,110,107,674
train,4,4,44,Y,True,211,194,1006
train,4,4,45,N,True,119,114,793
train,4,4,45,Y,True,193,177,932
train,4,4,46,N,True,118,115,697
train,4,4,46,Y,True,191,178,937
train,4,4,47,N,True,120,116,715
train,4,4,47,Y,True,165,154,891
train,4,4,48,N,True,128,124,851
train,4,4,48,Y,True,169,156,984
train,4,4,49,N,True,128,127,803
train,4,4,49,Y,True,152,144,875
train,5,0,1,N,True,39,39,147
train,5,0,1,Y,True,94,81,501
train,5,0,2,N,True,39,39,119
train,5,0,2,Y,True,85,78,354
train,5,0,3,N,True,42,42,113
train,5,0,3,Y,True,74,67,293
train,5,0,4,N,True,44,44,151
train,5,0,4,Y,True,71,62,189
train,5,0,5,N,True,62,62,212
train,5,0,5,Y,True,84,77,213
train,5,0,6,N,True,49,49,227
train,5,0,6,Y,True,74,67,184
train,5,0,7,N,True,45,45,226
train,5,0,7,Y,True,66,62,177
train,5,0,8,N,True,50,50,278
train,5,0,8,Y,True,78,71,204
train,5,0,9,N,True,47,47,259
train,5,0,9,Y,True,64,59,178
train,5,0,10,N,True,66,66,361
train,5,0,10,Y,True,76,71,266
train,5,1,11,N,True,59,59,343
train,5,1,11,Y,True,64,61,174
train,5,1,12,N,True,46,46,223
train,5,1,12,Y,True,53,51,198
train,5,1,13,N,True,52,52,168
train,5,1,13,Y,True,57,54,164
train,5,1,14,N,True,45,44,145
train,5,1,14,Y,True,64,58,169
train,5,1,15,N,True,51,50,165
train,5,1,15,Y,True,65,61,152
train,5,1,16,N,True,38,37,116
train,5,1,16,Y,True,58,55,118
train,5,1,17,N,True,42,41,87
train,5,1,17,Y,True,55,53,95
train,5,1,18,N,True,35,35,93
train,5,1,18,Y,True,44,41,114
train,5,1,19,N,True,44,43,132
train,5,1,19,Y,True,58,54,147
train,5,1,20,N,True,50,50,142
train,5,1,20,Y,True,57,53,169
train,5,2,21,N,True,47,47,140
train,5,2,21,Y,True,56,53,153
train,5,2,22,N,True,43,43,110
train,5,2,22,Y,True,44,42,106
train,5,2,23,N,True,30,30,81
train,5,2,23,Y,True,37,34,120
train,5,2,24,N,True,33,33,110
train,5,2,24,Y,True,43,40,91
train,5,2,25,N,True,43,43,142
train,5,2,25,Y,True,38,34,88
train,5,2,26,N,True,32,31,101
train,5,2,26,Y,True,40,38,98
train,5,2,27,N,True,31,31,118
train,5,2,27,Y,True,30,28,71
train,5,2,28,N,True,37,37,114
train,5,2,28,Y,True,35,34,68
train,5,2,29,N,True,32,32,101
train,5,2,29,Y,True,35,33,70
train,5,2,30,N,True,40,40,125
train,5,2,30,Y,True,43,43,78
train,5,3,31,N,True,32,32,84
train,5,3,31,Y,True,27,27,67
train,5,3,32,N,True,37,37,77
train,5,3,32,Y,True,29,29,62
train,5,3,33,N,True,36,36,102
train,5,3,33,Y,True,34,34,65
train,5,3,34,N,True,36,36,103
train,5,3,34,Y,True,31,31,66
train,5,3,35,N,True,51,51,135
train,5,3,35,Y,True,32,31,72
train,5,3,36,N,True,36,36,89
train,5,3,36,Y,True,30,30,53
train,5,3,37,N,True,37,37,81
train,5,3,37,Y,True,29,29,50
train,5,3,38,N,True,40,40,96
train,5,3,38,Y,True,32,32,65
train,5,3,39,N,True,42,42,108
train,5,3,39,Y,True,30,30,76
train,5,3,40,N,True,41,40,118
train,5,3,40,Y,True,41,40,97
train,5,4,41,N,True,43,43,111
train,5,4,41,Y,True,36,36,75
train,5,4,42,N,True,30,29,74
train,5,4,42,Y,True,32,32,67
train,5,4,43,N,True,34,33,98
train,5,4,43,Y,True,26,26,60
train,5,4,44,N,True,34,33,92
train,5,4,44,Y,True,33,31,64
train,5,4,45,N,True,38,38,90
train,5,4,45,Y,True,26,26,51
train,5,4,46,N,True,36,35,79
train,5,4,46,Y,True,34,34,66
train,5,4,47,N,True,30,30,82
train,5,4,47,Y,True,26,26,77
train,5,4,48,N,True,33,32,74
train,5,4,48,Y,True,35,33,69
train,5,4,49,N,True,39,38,96
train,5,4,49,Y,True,39,37,81
train,6,0,1,N,True,58,40,768
train,6,0,1,Y,True,59,34,641
train,6,0,2,N,True,42,30,110
train,6,0,2,Y,True,43,27,344
train,6,0,3,N,True,44,32,95
train,6,0,3,Y,True,39,24,206
train,6,0,4,N,True,33,30,50
train,6,0,4,Y,True,36,25,170
train,6,0,5,N,True,55,40,120
train,6,0,5,Y,True,53,38,208
train,6,0,6,N,True,34,30,90
train,6,0,6,Y,True,46,35,200
train,6,0,7,N,True,38,32,95
train,6,0,7,Y,True,38,27,141
train,6,0,8,N,True,45,39,123
train,6,0,8,Y,True,39,31,140
train,6,0,9,N,True,74,57,184
train,6,0,9,Y,True,44,35,179
train,6,0,10,N,True,85,66,258
train,6,0,10,Y,True,57,43,208
train,6,1,11,N,True,66,54,230
train,6,1,11,Y,True,53,40,183
train,6,1,12,N,True,78,61,198
train,6,1,12,Y,True,58,43,142
train,6,1,13,N,True,76,59,195
train,6,1,13,Y,True,56,43,136
train,6,1,14,N,True,64,51,229
train,6,1,14,Y,True,55,41,158
train,6,1,15,N,True,74,56,293
train,6,1,15,Y,True,81,59,260
train,6,1,16,N,True,69,56,260
train,6,1,16,Y,True,58,45,166
train,6,1,17,N,True,68,54,296
train,6,1,17,Y,True,76,58,205
train,6,1,18,N,True,72,54,336
train,6,1,18,Y,True,72,55,186
train,6,1,19,N,True,74,58,348
train,6,1,19,Y,True,66,52,190
train,6,1,20,N,True,87,66,382
train,6,1,20,Y,True,89,67,277
train,6,2,21,N,True,76,57,366
train,6,2,21,Y,True,81,65,207
train,6,2,22,N,True,73,61,291
train,6,2,22,Y,True,86,64,246
train,6,2,23,N,True,69,57,231
train,6,2,23,Y,True,80,62,206
train,6,2,24,N,True,69,59,316
train,6,2,24,Y,True,74,62,215
train,6,2,25,N,True,92,74,379
train,6,2,25,Y,True,106,77,315
train,6,2,26,N,True,82,68,253
train,6,2,26,Y,True,79,63,307
train,6,2,27,N,True,85,71,218
train,6,2,27,Y,True,77,58,256
train,6,2,28,N,True,81,67,193
train,6,2,28,Y,True,90,70,320
train,6,2,29,N,True,76,68,188
train,6,2,29,Y,True,90,68,233
train,6,2,30,N,True,92,75,290
train,6,2,30,Y,True,116,85,302
train,6,3,31,N,True,89,72,262
train,6,3,31,Y,True,97,73,283
train,6,3,32,N,True,79,63,208
train,6,3,32,Y,True,96,73,301
train,6,3,33,N,True,84,64,222
train,6,3,33,Y,True,84,70,258
train,6,3,34,N,True,84,66,269
train,6,3,34,Y,True,95,74,278
train,6,3,35,N,True,112,82,332
train,6,3,35,Y,True,123,82,368
train,6,3,36,N,True,84,68,315
train,6,3,36,Y,True,82,63,269
train,6,3,37,N,True,94,70,294
train,6,3,37,Y,True,84,68,203
train,6,3,38,N,True,83,61,288
train,6,3,38,Y,True,81,63,214
train,6,3,39,N,True,92,71,366
train,6,3,39,Y,True,81,68,229
train,6,3,40,N,True,109,82,389
train,6,3,40,Y,True,109,79,330
train,6,4,41,N,True,101,72,362
train,6,4,41,Y,True,89,70,255
train,6,4,42,N,True,85,62,387
train,6,4,42,Y,True,89,70,263
train,6,4,43,N,True,92,64,364
train,6,4,43,Y,True,94,72,265
train,6,4,44,N,True,97,65,458
train,6,4,44,Y,True,91,72,334
train,6,4,45,N,True,130,89,612
train,6,4,45,Y,True,119,85,405
train,6,4,46,N,True,115,84,416
train,6,4,46,Y,True,107,75,323
train,6,4,47,N,True,99,74,361
train,6,4,47,Y,True,91,68,344
train,6,4,48,N,True,104,79,419
train,6,4,48,Y,True,89,68,347
train,6,4,49,N,True,101,79,373
train,6,4,49,Y,True,107,85,387
train,7,0,1,N,True,20,20,105
train,7,0,1,Y,True,179,163,1033
train,7,0,2,N,True,16,16,80
train,7,0,2,Y,True,162,149,580
train,7,0,3,N,True,18,18,71
train,7,0,3,Y,True,188,173,876
train,7,0,4,N,True,18,18,79
train,7,0,4,Y,True,179,170,766
train,7,0,5,N,True,21,21,79
train,7,0,5,Y,True,220,207,857
train,7,0,6,N,True,23,23,67
train,7,0,6,Y,True,201,194,656
train,7,0,7,N,True,21,21,62
train,7,0,7,Y,True,215,205,792
train,7,0,8,N,True,25,25,86
train,7,0,8,Y,True,215,202,783
train,7,0,9,N,True,29,29,91
train,7,0,9,Y,True,237,226,760
train,7,0,10,N,True,27,27,70
train,7,0,10,Y,True,276,259,987
train,7,1,11,N,True,31,31,75
train,7,1,11,Y,True,266,246,905
train,7,1,12,N,True,33,33,87
train,7,1,12,Y,True,265,244,899
train,7,1,13,N,True,31,31,106
train,7,1,13,Y,True,258,230,826
train,7,1,14,N,True,36,36,115
train,7,1,14,Y,True,262,243,897
train,7,1,15,N,True,37,37,137
train,7,1,15,Y,True,292,267,1029
train,7,1,16,N,True,34,33,94
train,7,1,16,Y,True,272,251,855
train,7,1,17,N,True,31,31,106
train,7,1,17,Y,True,279,256,900
train,7,1,18,N,True,31,31,121
train,7,1,18,Y,True,280,267,923
train,7,1,19,N,True,33,33,130
train,7,1,19,Y,True,276,262,989
train,7,1,20,N,True,44,43,160
train,7,1,20,Y,True,293,270,1004
train,7,2,21,N,True,46,45,179
train,7,2,21,Y,True,285,262,934
train,7,2,22,N,True,46,45,138
train,7,2,22,Y,True,277,253,934
train,7,2,23,N,True,45,45,181
train,7,2,23,Y,True,279,257,1048
train,7,2,24,N,True,39,38,122
train,7,2,24,Y,True,297,269,980
train,7,2,25,N,True,54,54,196
train,7,2,25,Y,True,291,262,999
train,7,2,26,N,True,44,44,141
train,7,2,26,Y,True,279,255,869
train,7,2,27,N,True,46,45,125
train,7,2,27,Y,True,292,266,849
train,7,2,28,N,True,54,53,113
train,7,2,28,Y,True,303,275,952
train,7,2,29,N,True,41,41,103
train,7,2,29,Y,True,275,255,907
train,7,2,30,N,True,47,46,149
train,7,2,30,Y,True,310,286,1072
train,7,3,31,N,True,44,44,113
train,7,3,31,Y,True,281,265,958
train,7,3,32,N,True,46,46,147
train,7,3,32,Y,True,297,274,1033
train,7,3,33,N,True,52,52,180
train,7,3,33,Y,True,275,260,949
train,7,3,34,N,True,54,53,156
train,7,3,34,Y,True,280,259,896
train,7,3,35,N,True,55,55,236
train,7,3,35,Y,True,272,260,882
train,7,3,36,N,True,58,57,177
train,7,3,36,Y,True,273,252,880
train,7,3,37,N,True,50,49,173
train,7,3,37,Y,True,243,234,804
train,7,3,38,N,True,58,57,149
train,7,3,38,Y,True,255,242,838
train,7,3,39,N,True,63,62,151
train,7,3,39,Y,True,241,225,782
train,7,3,40,N,True,76,75,255
train,7,3,40,Y,True,220,210,801
train,7,4,41,N,True,76,76,193
train,7,4,41,Y,True,202,192,667
train,7,4,42,N,True,74,74,172
train,7,4,42,Y,True,169,161,545
train,7,4,43,N,True,74,74,189
train,7,4,43,Y,True,188,180,585
train,7,4,44,N,True,78,77,202
train,7,4,44,Y,True,201,193,653
train,7,4,45,N,True,96,94,236
train,7,4,45,Y,True,174,171,634
train,7,4,46,N,True,98,97,260
train,7,4,46,Y,True,174,168,531
train,7,4,47,N,True,110,110,276
train,7,4,47,Y,True,148,146,430
train,7,4,48,N,True,107,106,334
train,7,4,48,Y,True,139,137,410
train,7,4,49,N,True,114,113,394
train,7,4,49,Y,True,132,129,435
train,8,0,1,N,True,16,16,66
train,8,0,1,Y,True,18,18,92
train,8,0,2,N,True,21,19,91
train,8,0,2,Y,True,25,25,84
train,8,0,3,N,True,29,27,81
train,8,0,3,Y,True,27,26,64
train,8,0,4,N,True,23,22,75
train,8,0,4,Y,True,23,22,51
train,8,0,5,N,True,35,32,92
train,8,0,5,Y,True,30,30,80
train,8,0,6,N,True,33,30,93
train,8,0,6,Y,True,31,31,119
train,8,0,7,N,True,32,30,77
train,8,0,7,Y,True,33,33,138
train,8,0,8,N,True,30,27,77
train,8,0,8,Y,True,40,40,228
train,8,0,9,N,True,26,25,59
train,8,0,9,Y,True,29,29,256
train,8,0,10,N,True,29,27,66
train,8,0,10,Y,True,41,40,178
train,8,1,11,N,True,28,28,45
train,8,1,11,Y,True,35,35,125
train,8,1,12,N,True,33,32,57
train,8,1,12,Y,True,45,43,130
train,8,1,13,N,True,27,27,62
train,8,1,13,Y,True,43,41,123
train,8,1,14,N,True,28,28,39
train,8,1,14,Y,True,44,43,109
train,8,1,15,N,True,43,42,90
train,8,1,15,Y,True,48,45,121
train,8,1,16,N,True,32,31,59
train,8,1,16,Y,True,36,34,101
train,8,1,17,N,True,31,30,55
train,8,1,17,Y,True,37,36,121
train,8,1,18,N,True,29,29,54
train,8,1,18,Y,True,44,41,136
train,8,1,19,N,True,32,30,55
train,8,1,19,Y,True,42,40,88
train,8,1,20,N,True,40,39,96
train,8,1,20,Y,True,50,49,113
train,8,2,21,N,True,35,34,66
train,8,2,21,Y,True,41,40,134
train,8,2,22,N,True,30,29,55
train,8,2,22,Y,True,40,39,128
train,8,2,23,N,True,34,33,61
train,8,2,23,Y,True,40,39,126
train,8,2,24,N,True,27,27,70
train,8,2,24,Y,True,37,35,105
train,8,2,25,N,True,38,37,116
train,8,2,25,Y,True,49,44,138
train,8,2,26,N,True,34,31,88
train,8,2,26,Y,True,38,35,81
train,8,2,27,N,True,33,31,64
train,8,2,27,Y,True,41,40,71
train,8,2,28,N,True,32,30,82
train,8,2,28,Y,True,36,34,73
train,8,2,29,N,True,28,27,87
train,8,2,29,Y,True,33,32,60
train,8,2,30,N,True,36,35,104
train,8,2,30,Y,True,42,40,87
train,8,3,31,N,True,40,39,93
train,8,3,31,Y,True,37,36,140
train,8,3,32,N,True,42,41,112
train,8,3,32,Y,True,29,28,271
train,8,3,33,N,True,45,42,108
train,8,3,33,Y,True,33,32,241
train,8,3,34,N,True,44,42,114
train,8,3,34,Y,True,41,38,208
train,8,3,35,N,True,49,47,154
train,8,3,35,Y,True,50,45,279
train,8,3,36,N,True,40,38,110
train,8,3,36,Y,True,40,37,209
train,8,3,37,N,True,47,45,119
train,8,3,37,Y,True,33,29,149
train,8,3,38,N,True,41,40,96
train,8,3,38,Y,True,38,34,114
train,8,3,39,N,True,39,38,105
train,8,3,39,Y,True,37,33,74
train,8,3,40,N,True,59,56,136
train,8,3,40,Y,True,45,42,124
train,8,4,41,N,True,46,44,95
train,8,4,41,Y,True,39,36,101
train,8,4,42,N,True,45,44,108
train,8,4,42,Y,True,42,39,94
train,8,4,43,N,True,44,42,111
train,8,4,43,Y,True,39,36,87
train,8,4,44,N,True,48,46,97
train,8,4,44,Y,True,41,38,96
train,8,4,45,N,True,55,52,99
train,8,4,45,Y,True,54,50,105
train,8,4,46,N,True,45,44,85
train,8,4,46,Y,True,42,40,79
train,8,4,47,N,True,46,45,111
train,8,4,47,Y,True,39,37,75
train,8,4,48,N,True,51,49,107
train,8,4,48,Y,True,42,40,96
train,8,4,49,N,True,34,33,104
train,8,4,49,Y,True,40,37,111
train,9,0,1,N,True,22,14,51
train,9,0,1,Y,True,21,17,61
train,9,0,2,N,True,5,5,8
train,9,0,2,Y,True,8,7,26
train,9,0,3,N,True,24,16,41
train,9,0,3,Y,True,25,21,50
train,9,0,4,N,True,8,7,11
train,9,0,4,Y,True,9,8,23
train,9,0,5,N,False,5,5,6
train,9,0,5,Y,False,4,4,7
train,9,0,6,N,False,2,2,2
train,9,0,6,Y,False,7,6,27
train,9,0,7,N,False,2,2,2
train,9,0,7,Y,False,10,9,25
train,9,0,8,N,True,5,4,5
train,9,0,8,Y,True,6,5,13
train,9,0,9,N,False,2,2,2
train,9,0,9,Y,False,7,6,30
train,9,0,10,N,False,1,1,2
train,9,0,10,Y,False,9,8,29
train,9,1,11,N,False,2,2,3
train,9,1,11,Y,False,6,6,16
train,9,1,12,N,False,2,2,2
train,9,1,12,Y,False,8,7,19
train,9,1,13,N,False,3,3,7
train,9,1,13,Y,False,6,5,22
train,9,1,14,N,False,2,2,3
train,9,1,14,Y,False,6,5,36
train,9,1,15,N,False,2,2,4
train,9,1,15,Y,False,11,10,48
train,9,1,16,N,False,2,2,4
train,9,1,16,Y,False,9,8,22
train,9,1,17,N,False,2,2,7
train,9,1,17,Y,False,10,9,27
train,9,1,18,N,False,1,1,4
train,9,1,18,Y,False,9,8,24
train,9,1,19,N,False,2,2,7
train,9,1,19,Y,False,9,8,31
train,9,1,20,N,False,4,4,8
train,9,1,20,Y,False,9,8,39
train,9,2,21,N,True,5,5,10
train,9,2,21,Y,True,6,5,37
train,9,2,22,N,False,3,3,6
train,9,2,22,Y,False,5,5,19
train,9,2,23,N,True,10,8,21
train,9,2,23,Y,True,8,7,27
train,9,2,24,N,False,4,4,12
train,9,2,24,Y,False,4,4,11
train,9,2,25,N,True,10,9,21
train,9,2,25,Y,True,7,6,13
train,9,2,26,N,False,9,8,11
train,9,2,26,Y,False,4,3,10
train,9,2,27,N,True,6,6,12
train,9,2,27,Y,True,6,5,19
train,9,2,28,N,True,7,6,9
train,9,2,28,Y,True,9,8,17
train,9,2,29,N,True,5,5,5
train,9,2,29,Y,True,10,9,77
train,9,2,30,N,True,7,6,11
train,9,2,30,Y,True,9,8,49
train,9,3,31,N,True,8,7,27
train,9,3,31,Y,True,13,11,31
train,9,3,32,N,True,9,9,13
train,9,3,32,Y,True,13,12,29
train,9,3,33,N,True,7,7,18
train,9,3,33,Y,True,14,13,45
train,9,3,34,N,True,10,10,28
train,9,3,34,Y,True,18,17,59
train,9,3,35,N,True,9,8,20
train,9,3,35,Y,True,17,16,78
train,9,3,36,N,True,7,7,12
train,9,3,36,Y,True,15,15,32
train,9,3,37,N,True,8,6,12
train,9,3,37,Y,True,16,15,37
train,9,3,38,N,True,10,10,19
train,9,3,38,Y,True,13,12,46
train,9,3,39,N,True,13,13,68
train,9,3,39,Y,True,15,15,41
train,9,3,40,N,True,16,16,33
train,9,3,40,Y,True,20,20,52
train,9,4,41,N,True,19,18,49
train,9,4,41,Y,True,16,14,40
train,9,4,42,N,True,24,23,66
train,9,4,42,Y,True,21,20,46
train,9,4,43,N,True,24,23,92
train,9,4,43,Y,True,25,25,80
train,9,4,44,N,True,25,25,134
train,9,4,44,Y,True,30,29,157
train,9,4,45,N,True,33,31,186
train,9,4,45,Y,True,31,29,269
train,9,4,46,N,True,30,29,237
train,9,4,46,Y,True,36,36,82
train,9,4,47,N,True,45,42,300
train,9,4,47,Y,True,40,39,149
train,9,4,48,N,True,47,44,446
train,9,4,48,Y,True,56,54,241
train,9,4,49,N,True,54,53,473
train,9,4,49,Y,True,57,54,443
train,10,0,1,N,True,13,13,55
train,10,0,1,Y,True,235,206,1605
train,10,0,2,N,True,14,14,45
train,10,0,2,Y,True,245,223,1374
train,10,0,3,N,True,14,14,39
train,10,0,3,Y,True,266,241,2494
train,10,0,4,N,True,15,15,43
train,10,0,4,Y,True,256,240,2052
train,10,0,5,N,True,14,14,48
train,10,0,5,Y,True,314,285,2042
train,10,0,6,N,True,14,14,29
train,10,0,6,Y,True,291,263,1737
train,10,0,7,N,True,12,12,29
train,10,0,7,Y,True,282,253,1653
train,10,0,8,N,True,18,18,64
train,10,0,8,Y,True,295,259,1697
train,10,0,9,N,True,16,16,43
train,10,0,9,Y,True,290,256,1506
train,10,0,10,N,True,17,17,59
train,10,0,10,Y,True,324,289,1701
train,10,1,11,N,True,21,21,73
train,10,1,11,Y,True,277,251,1348
train,10,1,12,N,True,22,22,74
train,10,1,12,Y,True,286,257,1399
train,10,1,13,N,True,18,18,48
train,10,1,13,Y,True,279,250,1401
train,10,1,14,N,True,22,22,88
train,10,1,14,Y,True,269,237,1409
train,10,1,15,N,True,28,28,94
train,10,1,15,Y,True,297,266,1813
train,10,1,16,N,True,23,23,84
train,10,1,16,Y,True,270,234,1486
train,10,1,17,N,True,21,21,120
train,10,1,17,Y,True,280,248,1447
train,10,1,18,N,True,25,25,84
train,10,1,18,Y,True,270,238,1562
train,10,1,19,N,True,21,21,81
train,10,1,19,Y,True,269,239,1619
train,10,1,20,N,True,23,23,86
train,10,1,20,Y,True,313,269,1873
train,10,2,21,N,True,25,25,130
train,10,2,21,Y,True,280,249,1601
train,10,2,22,N,True,24,24,100
train,10,2,22,Y,True,277,243,1538
train,10,2,23,N,True,21,21,89
train,10,2,23,Y,True,277,240,1566
train,10,2,24,N,True,24,24,101
train,10,2,24,Y,True,288,249,1400
train,10,2,25,N,True,39,37,227
train,10,2,25,Y,True,281,245,1558
train,10,2,26,N,True,31,28,202
train,10,2,26,Y,True,283,250,1312
train,10,2,27,N,True,27,26,133
train,10,2,27,Y,True,281,249,1264
train,10,2,28,N,True,27,25,152
train,10,2,28,Y,True,264,238,1305
train,10,2,29,N,True,24,23,104
train,10,2,29,Y,True,285,254,1336
train,10,2,30,N,True,31,29,150
train,10,2,30,Y,True,299,267,1569
train,10,3,31,N,True,40,39,137
train,10,3,31,Y,True,280,254,1426
train,10,3,32,N,True,44,43,134
train,10,3,32,Y,True,281,252,1599
train,10,3,33,N,True,33,33,121
train,10,3,33,Y,True,281,258,1678
train,10,3,34,N,True,32,32,118
train,10,3,34,Y,True,273,249,1605
train,10,3,35,N,True,39,39,175
train,10,3,35,Y,True,272,243,1626
train,10,3,36,N,True,38,38,143
train,10,3,36,Y,True,258,235,1559
train,10,3,37,N,True,41,41,205
train,10,3,37,Y,True,251,236,1455
train,10,3,38,N,True,39,39,218
train,10,3,38,Y,True,244,222,1251
train,10,3,39,N,True,54,54,236
train,10,3,39,Y,True,234,214,1225
train,10,3,40,N,True,56,54,271
train,10,3,40,Y,True,236,214,1314
train,10,4,41,N,True,60,58,296
train,10,4,41,Y,True,200,184,1118
train,10,4,42,N,True,60,59,333
train,10,4,42,Y,True,186,169,1069
train,10,4,43,N,True,60,58,392
train,10,4,43,Y,True,187,175,1028
train,10,4,44,N,True,72,70,404
train,10,4,44,Y,True,190,176,951
train,10,4,45,N,True,88,83,467
train,10,4,45,Y,True,198,180,1032
train,10,4,46,N,True,96,92,565
train,10,4,46,Y,True,194,178,912
train,10,4,47,N,True,101,96,559
train,10,4,47,Y,True,154,142,803
train,10,4,48,N,True,106,99,609
train,10,4,48,Y,True,147,132,837
train,10,4,49,N,True,113,109,599
train,10,4,49,Y,True,141,132,718
train,11,0,1,N,True,38,25,111
train,11,0,1,Y,True,37,28,66
train,11,0,2,N,True,28,20,54
train,11,0,2,Y,True,24,20,50
train,11,0,3,N,True,15,9,19
train,11,0,3,Y,True,14,12,27
train,11,0,4,N,True,8,7,12
train,11,0,4,Y,True,15,14,28
train,11,0,5,N,True,10,9,20
train,11,0,5,Y,True,11,10,17
train,11,0,6,N,True,24,21,33
train,11,0,6,Y,True,6,6,9
train,11,0,7,N,True,17,17,30
train,11,0,7,Y,True,10,8,22
train,11,0,8,N,True,5,5,5
train,11,0,8,Y,True,11,10,38
train,11,0,9,N,True,6,6,11
train,11,0,9,Y,True,16,14,63
train,11,0,10,N,True,14,13,21
train,11,0,10,Y,True,25,22,74
train,11,1,11,N,True,5,5,6
train,11,1,11,Y,True,15,12,58
train,11,1,12,N,True,16,15,45
train,11,1,12,Y,True,28,23,58
train,11,1,13,N,True,16,15,30
train,11,1,13,Y,True,19,16,31
train,11,1,14,N,True,11,11,12
train,11,1,14,Y,True,12,10,39
train,11,1,15,N,True,21,20,39
train,11,1,15,Y,True,23,19,55
train,11,1,16,N,True,19,19,43
train,11,1,16,Y,True,23,22,57
train,11,1,17,N,True,18,17,29
train,11,1,17,Y,True,32,24,87
train,11,1,18,N,True,16,16,36
train,11,1,18,Y,True,17,16,76
train,11,1,19,N,True,18,18,36
train,11,1,19,Y,True,32,26,65
train,11,1,20,N,True,39,36,93
train,11,1,20,Y,True,25,24,47
train,11,2,21,N,True,35,32,76
train,11,2,21,Y,True,24,21,54
train,11,2,22,N,True,22,22,53
train,11,2,22,Y,True,12,12,27
train,11,2,23,N,True,19,19,49
train,11,2,23,Y,True,16,16,98
train,11,2,24,N,True,21,20,48
train,11,2,24,Y,True,18,16,99
train,11,2,25,N,True,25,23,66
train,11,2,25,Y,True,30,24,73
train,11,2,26,N,True,27,25,62
train,11,2,26,Y,True,26,26,58
train,11,2,27,N,True,27,24,75
train,11,2,27,Y,True,28,26,60
train,11,2,28,N,True,17,17,45
train,11,2,28,Y,True,31,29,59
train,11,2,29,N,True,21,21,40
train,11,2,29,Y,True,30,27,54
train,11,2,30,N,True,27,27,54
train,11,2,30,Y,True,28,26,104
train,11,3,31,N,True,31,28,66
train,11,3,31,Y,True,34,31,64
train,11,3,32,N,True,25,23,38
train,11,3,32,Y,True,29,26,71
train,11,3,33,N,True,21,21,49
train,11,3,33,Y,True,37,31,86
train,11,3,34,N,True,29,27,46
train,11,3,34,Y,True,30,29,87
train,11,3,35,N,True,33,30,55
train,11,3,35,Y,True,43,38,96
train,11,3,36,N,True,30,28,67
train,11,3,36,Y,True,48,42,94
train,11,3,37,N,True,26,25,43
train,11,3,37,Y,True,45,36,100
train,11,3,38,N,True,32,27,67
train,11,3,38,Y,True,40,35,84
train,11,3,39,N,True,33,31,51
train,11,3,39,Y,True,38,32,96
train,11,3,40,N,True,38,34,59
train,11,3,40,Y,True,49,38,126
train,11,4,41,N,True,38,34,92
train,11,4,41,Y,True,51,41,123
train,11,4,42,N,True,54,48,125
train,11,4,42,Y,True,50,46,131
train,11,4,43,N,True,53,47,173
train,11,4,43,Y,True,72,63,193
train,11,4,44,N,True,64,59,189
train,11,4,44,Y,True,73,66,228
train,11,4,45,N,True,67,59,264
train,11,4,45,Y,True,98,85,275
train,11,4,46,N,True,73,61,318
train,11,4,46,Y,True,79,63,314
train,11,4,47,N,True,81,69,334
train,11,4,47,Y,True,83,76,467
train,11,4,48,N,True,107,93,566
train,11,4,48,Y,True,102,90,508
train,11,4,49,N,True,100,85,531
train,11,4,49,Y,True,96,85,545
train,12,0,1,N,True,112,77,297
train,12,0,1,Y,True,87,69,227
train,12,0,2,N,True,58,47,184
train,12,0,2,Y,True,70,56,285
train,12,0,3,N,True,81,68,231
train,12,0,3,Y,True,71,53,213
train,12,0,4,N,True,88,69,209
train,12,0,4,Y,True,90,73,210
train,12,0,5,N,True,128,97,327
train,12,0,5,Y,True,115,91,282
train,12,0,6,N,True,113,92,314
train,12,0,6,Y,True,101,86,236
train,12,0,7,N,True,130,101,360
train,12,0,7,Y,True,119,102,370
train,12,0,8,N,True,123,100,316
train,12,0,8,Y,True,134,113,368
train,12,0,9,N,True,138,109,293
train,12,0,9,Y,True,128,105,319
train,12,0,10,N,True,165,130,489
train,12,0,10,Y,True,134,111,343
train,12,1,11,N,True,138,105,361
train,12,1,11,Y,True,146,117,329
train,12,1,12,N,True,141,107,334
train,12,1,12,Y,True,134,106,334
train,12,1,13,N,True,146,115,334
train,12,1,13,Y,True,154,130,325
train,12,1,14,N,True,149,120,320
train,12,1,14,Y,True,129,108,288
train,12,1,15,N,True,162,133,409
train,12,1,15,Y,True,154,127,365
train,12,1,16,N,True,152,126,332
train,12,1,16,Y,True,132,109,305
train,12,1,17,N,True,143,119,363
train,12,1,17,Y,True,144,118,329
train,12,1,18,N,True,150,123,389
train,12,1,18,Y,True,136,114,292
train,12,1,19,N,True,151,125,409
train,12,1,19,Y,True,128,105,327
train,12,1,20,N,True,173,139,470
train,12,1,20,Y,True,159,136,375
train,12,2,21,N,True,158,130,381
train,12,2,21,Y,True,155,131,351
train,12,2,22,N,True,154,129,351
train,12,2,22,Y,True,139,114,368
train,12,2,23,N,True,164,139,388
train,12,2,23,Y,True,134,115,345
train,12,2,24,N,True,170,144,431
train,12,2,24,Y,True,126,107,360
train,12,2,25,N,True,175,145,521
train,12,2,25,Y,True,167,138,513
train,12,2,26,N,True,165,139,428
train,12,2,26,Y,True,167,137,407
train,12,2,27,N,True,171,142,383
train,12,2,27,Y,True,153,128,384
train,12,2,28,N,True,205,170,554
train,12,2,28,Y,True,151,123,368
train,12,2,29,N,True,162,129,401
train,12,2,29,Y,True,154,128,412
train,12,2,30,N,True,207,166,658
train,12,2,30,Y,True,175,139,503
train,12,3,31,N,True,178,146,565
train,12,3,31,Y,True,162,133,392
train,12,3,32,N,True,180,153,503
train,12,3,32,Y,True,172,143,406
train,12,3,33,N,True,172,149,480
train,12,3,33,Y,True,158,134,405
train,12,3,34,N,True,183,151,497
train,12,3,34,Y,True,169,143,438
train,12,3,35,N,True,201,164,583
train,12,3,35,Y,True,187,148,598
train,12,3,36,N,True,192,155,575
train,12,3,36,Y,True,157,132,432
train,12,3,37,N,True,189,155,559
train,12,3,37,Y,True,180,137,482
train,12,3,38,N,True,184,151,622
train,12,3,38,Y,True,175,142,507
train,12,3,39,N,True,186,150,620
train,12,3,39,Y,True,179,139,505
train,12,3,40,N,True,222,178,796
train,12,3,40,Y,True,206,160,693
train,12,4,41,N,True,191,156,628
train,12,4,41,Y,True,181,141,490
train,12,4,42,N,True,194,151,633
train,12,4,42,Y,True,192,144,575
train,12,4,43,N,True,200,161,657
train,12,4,43,Y,True,199,157,619
train,12,4,44,N,True,216,171,687
train,12,4,44,Y,True,213,162,746
train,12,4,45,N,True,239,189,875
train,12,4,45,Y,True,231,181,830
train,12,4,46,N,True,213,173,786
train,12,4,46,Y,True,227,183,696
train,12,4,47,N,True,223,176,758
train,12,4,47,Y,True,219,178,701
train,12,4,48,N,True,219,171,696
train,12,4,48,Y,True,240,185,772
train,12,4,49,N,True,238,185,827
train,12,4,49,Y,True,224,172,893
train,13,0,1,N,True,9,9,29
train,13,0,1,Y,True,196,184,1177
train,13,0,2,N,True,9,9,39
train,13,0,2,Y,True,184,174,885
train,13,0,3,N,True,6,6,22
train,13,0,3,Y,True,227,217,1393
train,13,0,4,N,True,5,5,24
train,13,0,4,Y,True,222,214,1257
train,13,0,5,N,True,9,9,44
train,13,0,5,Y,True,270,251,1443
train,13,0,6,N,True,7,7,40
train,13,0,6,Y,True,235,220,1220
train,13,0,7,N,True,8,8,34
train,13,0,7,Y,True,253,241,1233
train,13,0,8,N,True,7,7,50
train,13,0,8,Y,True,237,221,1121
train,13,0,9,N,True,7,7,43
train,13,0,9,Y,True,266,250,1207
train,13,0,10,N,True,9,9,53
train,13,0,10,Y,True,261,243,1267
train,13,1,11,N,True,9,9,21
train,13,1,11,Y,True,246,235,1136
train,13,1,12,N,True,10,10,48
train,13,1,12,Y,True,242,235,1088
train,13,1,13,N,True,10,10,53
train,13,1,13,Y,True,238,227,964
train,13,1,14,N,True,9,9,38
train,13,1,14,Y,True,242,227,1054
train,13,1,15,N,True,15,15,85
train,13,1,15,Y,True,294,276,1343
train,13,1,16,N,True,16,16,62
train,13,1,16,Y,True,265,248,1114
train,13,1,17,N,True,12,12,40
train,13,1,17,Y,True,251,240,1006
train,13,1,18,N,True,10,10,35
train,13,1,18,Y,True,255,240,1114
train,13,1,19,N,True,14,14,59
train,13,1,19,Y,True,266,251,1091
train,13,1,20,N,True,20,20,66
train,13,1,20,Y,True,287,269,1178
train,13,2,21,N,True,17,17,45
train,13,2,21,Y,True,271,255,1121
train,13,2,22,N,True,14,14,28
train,13,2,22,Y,True,266,253,983
train,13,2,23,N,True,11,11,22
train,13,2,23,Y,True,279,267,979
train,13,2,24,N,True,14,14,38
train,13,2,24,Y,True,261,250,1006
train,13,2,25,N,True,35,35,81
train,13,2,25,Y,True,277,264,1203
train,13,2,26,N,True,36,36,84
train,13,2,26,Y,True,252,243,1032
train,13,2,27,N,True,28,28,71
train,13,2,27,Y,True,279,271,919
train,13,2,28,N,True,33,33,81
train,13,2,28,Y,True,267,254,932
train,13,2,29,N,True,29,29,101
train,13,2,29,Y,True,257,244,957
train,13,2,30,N,True,44,44,183
train,13,2,30,Y,True,268,254,1165
train,13,3,31,N,True,51,51,184
train,13,3,31,Y,True,258,245,1028
train,13,3,32,N,True,54,54,226
train,13,3,32,Y,True,262,250,1096
train,13,3,33,N,True,58,58,239
train,13,3,33,Y,True,269,255,1092
train,13,3,34,N,True,62,62,246
train,13,3,34,Y,True,268,256,1153
train,13,3,35,N,True,66,66,400
train,13,3,35,Y,True,288,270,1210
train,13,3,36,N,True,67,67,313
train,13,3,36,Y,True,265,254,1038
train,13,3,37,N,True,79,79,319
train,13,3,37,Y,True,246,236,1116
train,13,3,38,N,True,79,79,345
train,13,3,38,Y,True,261,248,1097
train,13,3,39,N,True,82,82,306
train,13,3,39,Y,True,263,248,1009
train,13,3,40,N,True,115,114,417
train,13,3,40,Y,True,259,244,1149
train,13,4,41,N,True,108,107,387
train,13,4,41,Y,True,228,216,997
train,13,4,42,N,True,115,114,503
train,13,4,42,Y,True,202,190,928
train,13,4,43,N,True,125,124,511
train,13,4,43,Y,True,226,214,1018
train,13,4,44,N,True,117,116,578
train,13,4,44,Y,True,252,238,1214
train,13,4,45,N,True,128,126,697
train,13,4,45,Y,True,235,227,1089
train,13,4,46,N,True,150,148,803
train,13,4,46,Y,True,224,213,1080
train,13,4,47,N,True,162,156,877
train,13,4,47,Y,True,201,193,903
train,13,4,48,N,True,164,163,899
train,13,4,48,Y,True,197,191,874
train,13,4,49,N,True,182,179,971
train,13,4,49,Y,True,205,200,934
train,14,0,1,N,True,22,22,1120
train,14,0,1,Y,True,50,42,295
train,14,0,2,N,True,20,20,132
train,14,0,2,Y,True,52,41,305
train,14,0,3,N,True,20,19,99
train,14,0,3,Y,True,48,41,346
train,14,0,4,N,True,24,23,119
train,14,0,4,Y,True,46,41,290
train,14,0,5,N,True,21,19,142
train,14,0,5,Y,True,42,40,265
train,14,0,6,N,True,23,21,210
train,14,0,6,Y,True,36,34,397
train,14,0,7,N,True,26,24,193
train,14,0,7,Y,True,31,29,763
train,14,0,8,N,True,22,20,297
train,14,0,8,Y,True,34,32,372
train,14,0,9,N,True,24,22,145
train,14,0,9,Y,True,37,36,414
train,14,0,10,N,True,25,23,199
train,14,0,10,Y,True,45,43,298
train,14,1,11,N,True,24,22,146
train,14,1,11,Y,True,40,37,303
train,14,1,12,N,True,25,23,265
train,14,1,12,Y,True,43,40,346
train,14,1,13,N,True,20,20,222
train,14,1,13,Y,True,40,38,327
train,14,1,14,N,True,20,18,276
train,14,1,14,Y,True,41,40,335
train,14,1,15,N,True,24,23,274
train,14,1,15,Y,True,39,37,388
train,14,1,16,N,True,28,26,321
train,14,1,16,Y,True,36,34,598
train,14,1,17,N,True,26,25,221
train,14,1,17,Y,True,38,35,327
train,14,1,18,N,True,26,25,164
train,14,1,18,Y,True,35,33,276
train,14,1,19,N,True,28,26,191
train,14,1,19,Y,True,39,37,199
train,14,1,20,N,True,27,25,187
train,14,1,20,Y,True,37,35,340
train,14,2,21,N,True,28,27,173
train,14,2,21,Y,True,34,33,171
train,14,2,22,N,True,31,29,307
train,14,2,22,Y,True,39,36,170
train,14,2,23,N,True,30,28,202
train,14,2,23,Y,True,36,34,196
train,14,2,24,N,True,29,27,236
train,14,2,24,Y,True,35,32,266
train,14,2,25,N,True,25,23,299
train,14,2,25,Y,True,42,40,638
train,14,2,26,N,True,30,28,386
train,14,2,26,Y,True,32,30,279
train,14,2,27,N,True,31,29,399
train,14,2,27,Y,True,29,27,257
train,14,2,28,N,True,35,33,741
train,14,2,28,Y,True,37,35,288
train,14,2,29,N,True,35,33,584
train,14,2,29,Y,True,28,26,343
train,14,2,30,N,True,31,29,432
train,14,2,30,Y,True,36,34,1005
train,14,3,31,N,True,34,32,547
train,14,3,31,Y,True,33,33,1001
train,14,3,32,N,True,28,25,585
train,14,3,32,Y,True,34,33,633
train,14,3,33,N,True,30,27,895
train,14,3,33,Y,True,36,34,804
train,14,3,34,N,True,33,31,825
train,14,3,34,Y,True,38,35,704
train,14,3,35,N,True,39,36,793
train,14,3,35,Y,True,32,30,593
train,14,3,36,N,True,40,37,834
train,14,3,36,Y,True,34,32,440
train,14,3,37,N,True,42,39,743
train,14,3,37,Y,True,39,37,538
train,14,3,38,N,True,39,36,619
train,14,3,38,Y,True,41,38,474
train,14,3,39,N,True,40,37,625
train,14,3,39,Y,True,40,38,439
train,14,3,40,N,True,43,41,493
train,14,3,40,Y,True,41,38,450
train,14,4,41,N,True,38,36,531
train,14,4,41,Y,True,37,34,538
train,14,4,42,N,True,38,36,480
train,14,4,42,Y,True,26,25,429
train,14,4,43,N,True,32,29,500
train,14,4,43,Y,True,29,27,250
train,14,4,44,N,True,31,30,251
train,14,4,44,Y,True,30,27,297
train,14,4,45,N,True,39,35,516
train,14,4,45,Y,True,38,35,373
train,14,4,46,N,True,33,30,657
train,14,4,46,Y,True,34,32,338
train,14,4,47,N,True,28,25,533
train,14,4,47,Y,True,30,28,188
train,14,4,48,N,True,31,27,592
train,14,4,48,Y,True,29,26,205
train,14,4,49,N,True,24,20,419
train,14,4,49,Y,True,26,23,222
train,15,0,1,N,True,6,5,11
train,15,0,1,Y,True,57,31,481
train,15,0,2,N,False,4,3,5
train,15,0,2,Y,False,33,25,171
train,15,0,3,Y,False,37,32,115
train,15,0,4,N,False,2,1,5
train,15,0,4,Y,False,25,22,49
train,15,0,5,N,False,4,3,8
train,15,0,5,Y,False,39,30,73
train,15,0,6,N,False,3,2,3
train,15,0,6,Y,False,34,31,90
train,15,0,7,N,False,4,3,5
train,15,0,7,Y,False,33,28,84
train,15,0,8,N,False,3,3,3
train,15,0,8,Y,False,56,43,142
train,15,0,9,N,False,2,2,2
train,15,0,9,Y,False,59,48,141
train,15,0,10,N,True,8,8,11
train,15,0,10,Y,True,68,57,153
train,15,1,11,N,False,3,3,3
train,15,1,11,Y,False,73,57,191
train,15,1,12,N,True,5,5,14
train,15,1,12,Y,True,75,60,188
train,15,1,13,N,True,6,4,9
train,15,1,13,Y,True,68,60,166
train,15,1,14,N,True,5,5,5
train,15,1,14,Y,True,64,61,198
train,15,1,15,N,False,3,3,4
train,15,1,15,Y,False,83,68,231
train,15,1,16,N,False,4,4,6
train,15,1,16,Y,False,79,66,196
train,15,1,17,N,False,2,2,2
train,15,1,17,Y,False,78,66,273
train,15,1,18,N,False,2,2,2
train,15,1,18,Y,False,82,67,274
train,15,1,19,N,False,2,2,3
train,15,1,19,Y,False,72,61,231
train,15,1,20,N,False,4,4,7
train,15,1,20,Y,False,86,67,270
train,15,2,21,N,True,7,7,8
train,15,2,21,Y,True,58,48,181
train,15,2,22,N,False,2,2,2
train,15,2,22,Y,False,67,59,211
train,15,2,23,N,False,4,4,4
train,15,2,23,Y,False,70,63,205
train,15,2,24,N,False,4,4,17
train,15,2,24,Y,False,73,68,183
train,15,2,25,N,False,4,4,18
train,15,2,25,Y,False,70,61,226
train,15,2,26,N,True,9,9,20
train,15,2,26,Y,True,69,64,229
train,15,2,27,N,True,9,9,16
train,15,2,27,Y,True,61,57,189
train,15,2,28,N,True,7,7,27
train,15,2,28,Y,True,64,61,190
train,15,2,29,N,True,8,8,42
train,15,2,29,Y,True,71,65,163
train,15,2,30,N,True,8,8,13
train,15,2,30,Y,True,65,57,239
train,15,3,31,N,True,13,13,21
train,15,3,31,Y,True,57,53,168
train,15,3,32,N,True,11,11,19
train,15,3,32,Y,True,64,61,168
train,15,3,33,N,True,10,10,17
train,15,3,33,Y,True,58,52,163
train,15,3,34,N,True,10,10,22
train,15,3,34,Y,True,59,54,131
train,15,3,35,N,True,11,11,32
train,15,3,35,Y,True,58,54,138
train,15,3,36,N,True,14,14,34
train,15,3,36,Y,True,46,44,131
train,15,3,37,N,True,18,18,53
train,15,3,37,Y,True,51,47,118
train,15,3,38,N,True,14,14,36
train,15,3,38,Y,True,47,44,108
train,15,3,39,N,True,19,19,50
train,15,3,39,Y,True,44,42,118
train,15,3,40,N,True,18,17,48
train,15,3,40,Y,True,40,37,92
train,15,4,41,N,True,14,14,40
train,15,4,41,Y,True,39,35,79
train,15,4,42,N,True,12,12,19
train,15,4,42,Y,True,31,30,69
train,15,4,43,N,True,11,11,18
train,15,4,43,Y,True,33,30,67
train,15,4,44,N,True,20,19,44
train,15,4,44,Y,True,38,37,77
train,15,4,45,N,True,21,21,28
train,15,4,45,Y,True,38,38,98
train,15,4,46,N,True,18,18,56
train,15,4,46,Y,True,33,32,106
train,15,4,47,N,True,19,19,45
train,15,4,47,Y,True,39,39,77
train,15,4,48,N,True,18,17,37
train,15,4,48,Y,True,28,27,76
train,15,4,49,N,True,18,17,47
train,15,4,49,Y,True,25,25,50
